date,coffee,coffee_%,corn,corn_%,sugar,sugar_%,soybean,soybean_%,wheat,wheat_%
2/21/12,224.1,0.0019,559,-0.0009,23.96,0,1211.25,0.0069,739,-0.004
2/22/12,223.9166667,-0.0008,558.5,-0.0009,23.93,-0.0013,1216,0.0039,736,-0.0041
2/23/12,223.7333333,-0.0008,558,-0.0009,24.1,0.0071,1218.5,0.0021,733,-0.0041
2/24/12,223.55,-0.0008,557,-0.0018,24.11,0.0004,1218.5,0,730,-0.0041
2/27/12,223.3666667,-0.0008,559.5,0.0045,24.23,0.005,1225.25,0.0055,732,0.0027
2/28/12,223.1833333,-0.0008,561,0.0027,24.15,-0.0033,1226.25,0.0008,752,0.0273
2/29/12,223,-0.0008,566.75,0.0102,24.25,0.0041,1231.25,0.0041,752,0
3/1/12,221.75,-0.0056,568.375,0.0029,24.13,-0.0049,1233.5,0.0018,752,0
3/2/12,220.5,-0.0056,570,0.0029,24.25,0.005,1230,-0.0028,752,0
3/5/12,218.75,-0.0079,573,0.0053,24.33,0.0033,1217.5,-0.0102,752.75,0.001
3/6/12,217,-0.008,568,-0.0087,23.7,-0.0259,1219.5,0.0016,746.375,-0.0085
3/7/12,213.35,-0.0168,563,-0.0088,23.59,-0.0046,1223.25,0.0031,740,-0.0085
3/8/12,209.7,-0.0171,565,0.0036,23.6,0.0004,1228,0.0039,741.3125,0.0018
3/9/12,206.05,-0.0174,560,-0.0088,23.6,0,1236.75,0.0071,742.625,0.0018
3/12/12,202.4,-0.0177,566.5,0.0116,23.21,-0.0165,1228.75,-0.0065,743.28125,0.0009
3/13/12,203.5,0.0054,564,-0.0044,23.67,0.0198,1233.25,0.0037,743.9375,0.0009
3/14/12,203.58125,0.0004,562,-0.0035,23.5,-0.0072,1236.5,0.0026,745.25,0.0018
3/15/12,203.6625,0.0004,564,0.0036,23.66,0.0068,1247.75,0.0091,746.5625,0.0018
3/16/12,203.74375,0.0004,570.75,0.012,23.93,0.0114,1250.25,0.002,747.875,0.0018
3/19/12,203.825,0.0004,567.75,-0.0053,24.17,0.01,1243.75,-0.0052,749.1875,0.0018
3/20/12,203.90625,0.0004,566.25,-0.0026,24.22,0.0021,1228.75,-0.0121,750.5,0.0018
3/21/12,203.9875,0.0004,564.5,-0.0031,23.81,-0.0169,1236.25,0.0061,751.8125,0.0017
3/22/12,204.06875,0.0004,561.5,-0.0053,23.71,-0.0042,1231.25,-0.004,753.125,0.0017
3/23/12,204.15,0.0004,558.5,-0.0053,24.05,0.0143,1238.75,0.0061,754.4375,0.0017
3/26/12,204.6083333,0.0022,558.5,0,24.15,0.0042,1243,0.0034,755.75,0.0017
3/27/12,205.0666667,0.0022,556,-0.0045,23.96,-0.0079,1242.75,-0.0002,747.5833333,-0.0108
3/28/12,205.525,0.0022,550.5,-0.0099,23.9,-0.0025,1236,-0.0054,739.4166667,-0.0109
3/29/12,205.9833333,0.0022,541,-0.0173,23.63,-0.0113,1222.75,-0.0107,731.25,-0.011
3/30/12,206.4416667,0.0022,544.5,0.0065,24,0.0157,1247.25,0.02,738.8333333,0.0104
4/2/12,206.9,0.0022,552,0.0138,23.92,-0.0033,1261.25,0.0112,746.4166667,0.0103
4/3/12,209.8,0.014,557.25,0.0095,23.99,0.0029,1265.25,0.0032,754,0.0102
4/4/12,213,0.0153,557.375,0.0002,24,0.0004,1263.75,-0.0012,750.4,-0.0048
4/5/12,211.8571429,-0.0054,557.5,0.0002,23.91,-0.0038,1262,-0.0014,746.8,-0.0048
4/9/12,210.7142857,-0.0054,560,0.0045,24.1,0.0079,1262.75,0.0006,743.2,-0.0048
4/10/12,209.5714286,-0.0054,559,-0.0018,24,-0.0041,1246.75,-0.0127,739.6,-0.0048
4/11/12,208.4285714,-0.0055,558,-0.0018,23.89,-0.0046,1243.75,-0.0024,736,-0.0049
4/12/12,207.2857143,-0.0055,557.75,-0.0004,23.85,-0.0017,1256.75,0.0105,740,0.0054
4/13/12,206.1428571,-0.0055,548.875,-0.0159,23.98,0.0055,1244.25,-0.0099,738.5294118,-0.002
4/16/12,205,-0.0055,540,-0.0162,23.6,-0.0158,1240,-0.0034,737.0588235,-0.002
4/17/12,203.8571429,-0.0056,542.5,0.0046,23.16,-0.0186,1247,0.0056,735.5882353,-0.002
4/18/12,202.7142857,-0.0056,545,0.0046,23.6,0.019,1232.5,-0.0116,734.1176471,-0.002
4/19/12,201.5714286,-0.0056,550,0.0092,23.25,-0.0148,1238.5,0.0049,732.6470588,-0.002
4/20/12,200.4285714,-0.0057,549,-0.0018,22.93,-0.0138,1242,0.0028,731.1764706,-0.002
4/23/12,199.2857143,-0.0057,548,-0.0018,23.12,0.0083,1233.25,-0.007,729.7058824,-0.002
4/24/12,198.1428571,-0.0057,550.25,0.0041,22.75,-0.016,1236.75,0.0028,728.2352941,-0.002
4/25/12,197,-0.0058,554.5,0.0077,22.94,0.0084,1244.75,0.0065,726.7647059,-0.002
4/26/12,197.2666667,0.0014,552.5,-0.0036,22.92,-0.0009,1235.5,-0.0074,725.2941176,-0.002
4/27/12,197.5333333,0.0014,550.5,-0.0036,22.67,-0.0109,1236.75,0.001,723.8235294,-0.002
4/30/12,197.8,0.0013,548.5,-0.0036,22.89,0.0097,1248.75,0.0097,722.3529412,-0.002
5/1/12,205,0.0364,550.75,0.0041,22.53,-0.0157,1250.75,0.0016,720.8823529,-0.002
5/2/12,204.5,-0.0024,550.25,-0.0009,22.6,0.0031,1226.5,-0.0194,719.4117647,-0.002
5/3/12,203.6944444,-0.0039,546.5,-0.0068,22.51,-0.004,1236.5,0.0082,717.9411765,-0.002
5/4/12,202.8888889,-0.004,542.75,-0.0069,22.45,-0.0027,1237.25,0.0006,716.4705882,-0.002
5/7/12,202.0833333,-0.004,539,-0.0069,22.38,-0.0031,1224.5,-0.0103,715,-0.0021
5/8/12,201.2777778,-0.004,543.25,0.0079,22.54,0.0071,1210.5,-0.0114,719.9444444,0.0069
5/9/12,200.4722222,-0.004,540,-0.006,22.2,-0.0151,1200.5,-0.0083,724.8888889,0.0069
5/10/12,199.6666667,-0.004,538,-0.0037,22.23,0.0014,1207.75,0.006,729.8333333,0.0068
5/11/12,198.8611111,-0.004,529.75,-0.0153,22.09,-0.0063,1176.75,-0.0257,734.7777778,0.0068
5/14/12,198.0555556,-0.0041,532.75,0.0057,22.16,0.0032,1159.25,-0.0149,739.7222222,0.0067
5/15/12,197.25,-0.0041,533.5,0.0014,22.2,0.0018,1171.75,0.0108,744.6666667,0.0067
5/16/12,196.4444444,-0.0041,538.25,0.0089,22.25,0.0023,1165,-0.0058,749.6111111,0.0066
5/17/12,195.6388889,-0.0041,543,0.0088,22.3,0.0022,1169.25,0.0036,754.5555556,0.0066
5/18/12,194.8333333,-0.0041,550,0.0129,22.28,-0.0009,1160,-0.0079,759.5,0.0066
5/21/12,194.0277778,-0.0041,549.75,-0.0005,22.21,-0.0031,1180,0.0172,770,0.0138
5/22/12,193.2222222,-0.0042,547.5,-0.0041,22.02,-0.0086,1166.75,-0.0112,765,-0.0065
5/23/12,192.4166667,-0.0042,543.6875,-0.007,21.75,-0.0123,1148.25,-0.0159,750,-0.0196
5/24/12,191.6111111,-0.0042,539.875,-0.007,21.65,-0.0046,1168,0.0172,748.95,-0.0014
5/25/12,190.8055556,-0.0042,536.0625,-0.0071,21.54,-0.0051,1172.75,0.0041,747.9,-0.0014
5/29/12,190,-0.0042,532.25,-0.0071,21.48,-0.0028,1177.25,0.0038,746.85,-0.0014
5/30/12,183.25,-0.0355,537,0.0089,21.35,-0.0061,1178.25,0.0008,745.8,-0.0014
5/31/12,182.1666667,-0.0059,538.5,0.0028,21.37,0.0009,1165.25,-0.011,744.75,-0.0014
6/1/12,181.0833333,-0.0059,531.5,-0.013,21.27,-0.0047,1156.25,-0.0077,741.5,-0.0044
6/4/12,180,-0.006,535,0.0066,21.05,-0.0103,1167,0.0093,736.25,-0.0071
6/5/12,179.4333333,-0.0031,535.25,0.0005,21.12,0.0033,1176,0.0077,742.5,0.0085
6/6/12,178.8666667,-0.0032,536.625,0.0026,21.05,-0.0033,1186,0.0085,748.75,0.0084
6/7/12,178.3,-0.0032,538,0.0026,21.45,0.019,1217,0.0261,755,0.0083
6/8/12,177.7333333,-0.0032,551.25,0.0246,21.23,-0.0103,1206.75,-0.0084,749,-0.0079
6/11/12,177.1666667,-0.0032,547,-0.0077,21.47,0.0113,1203.5,-0.0027,744.5,-0.006
6/12/12,176.6,-0.0032,537,-0.0183,21.24,-0.0107,1202.75,-0.0006,740,-0.006
6/13/12,173.6,-0.017,533.5,-0.0065,20.97,-0.0127,1193.5,-0.0077,736,-0.0054
6/14/12,170.6,-0.0173,537.75,0.008,21.12,0.0072,1185.5,-0.0067,733,-0.0041
6/15/12,171.1166667,0.003,532.5,-0.0098,21.08,-0.0019,1190.75,0.0044,739.5,0.0089
6/18/12,171.6333333,0.003,528,-0.0085,21.15,0.0033,1207.5,0.0141,746,0.0088
6/19/12,172.15,0.003,558,0.0568,20.83,-0.0151,1237.75,0.0251,752.5,0.0087
6/20/12,177.4,0.0305,560.5,0.0045,21.33,0.024,1249.25,0.0093,759,0.0086
6/21/12,177.3375,-0.0004,561.75,0.0022,21.33,0,1227.25,-0.0176,757,-0.0026
6/22/12,177.275,-0.0004,565.75,0.0071,21.18,-0.007,1230.25,0.0024,770,0.0172
6/25/12,177.2125,-0.0004,569.75,0.0071,20.96,-0.0104,1260.5,0.0246,775,0.0065
6/26/12,177.15,-0.0004,579.5,0.0171,21.08,0.0057,1251.25,-0.0073,805,0.0387
6/27/12,178.075,0.0052,580,0.0009,21.04,-0.0019,1247,-0.0034,801.5,-0.0043
6/28/12,179,0.0052,586.25,0.0108,21.28,0.0114,1242,-0.004,808.5,0.0087
6/29/12,185,0.0335,589,0.0047,21.28,0,1263.5,0.0173,810,0.0019
7/2/12,190,0.027,590,0.0017,21.27,-0.0005,1280.25,0.0133,821.75,0.0145
7/3/12,195,0.0263,600,0.0169,21.6,0.0155,1298.75,0.0145,827.75,0.0073
7/5/12,198,0.0154,610,0.0167,21.84,0.0111,1318,0.0148,845.25,0.0211
7/6/12,196,-0.0101,612.25,0.0037,22.05,0.0096,1304,-0.0106,834,-0.0133
7/9/12,194,-0.0102,611.25,-0.0016,22.19,0.0063,1323.75,0.0151,848.25,0.0171
7/10/12,200,0.0309,625.5,0.0233,22.66,0.0212,1320.25,-0.0026,829.25,-0.0224
7/11/12,200,0,630,0.0072,22.64,-0.0009,1294.5,-0.0195,839,0.0118
7/12/12,199.85,-0.0008,620,-0.0159,22.76,0.0053,1297.25,0.0021,833,-0.0072
7/13/12,199.7,-0.0008,630,0.0161,22.64,-0.0053,1319.75,0.0173,847,0.0168
7/16/12,199.55,-0.0008,632.75,0.0044,22.62,-0.0009,1342,0.0169,850,0.0035
7/17/12,199.4,-0.0008,646,0.0209,22.5,-0.0053,1332.25,-0.0073,838,-0.0141
7/18/12,199.25,-0.0008,635.75,-0.0159,22.46,-0.0018,1322.75,-0.0071,849.5,0.0137
7/19/12,200,0.0038,637,0.002,22.65,0.0085,1296.25,-0.02,829.5,-0.0235
7/20/12,205,0.025,623,-0.022,22.71,0.0026,1305.25,0.0069,827.625,-0.0023
7/23/12,202,-0.0146,624.75,0.0028,22.64,-0.0031,1271,-0.0262,825.75,-0.0023
7/24/12,199,-0.0149,627,0.0036,22.61,-0.0013,1249.75,-0.0167,816.75,-0.0109
7/25/12,196,-0.0151,622,-0.008,22.72,0.0049,1270.5,0.0166,807.75,-0.011
7/26/12,193,-0.0153,635,0.0209,22.6,-0.0053,1244,-0.0209,830,0.0275
7/27/12,194,0.0052,636,0.0016,22.25,-0.0155,1266,0.0177,837,0.0084
7/30/12,195,0.0052,636.25,0.0004,22.47,0.0099,1291,0.0197,850.5,0.0161
7/31/12,193.85,-0.0059,643.75,0.0118,22.48,0.0004,1285.75,-0.0041,844.5,-0.0071
8/1/12,192.7,-0.0059,648,0.0066,22.23,-0.0111,1277.5,-0.0064,825.5,-0.0225
8/2/12,191.55,-0.006,645,-0.0046,22.3,0.0031,1275,-0.002,846,0.0248
8/3/12,190.4,-0.006,644.25,-0.0012,22.05,-0.0112,1295.5,0.0161,852,0.0071
8/6/12,189.25,-0.006,640.75,-0.0054,22.2,0.0068,1278.25,-0.0133,856.75,0.0056
8/7/12,188.1,-0.0061,644.75,0.0062,21.99,-0.0095,1270,-0.0065,866.75,0.0117
8/8/12,186.95,-0.0061,644,-0.0012,21.7,-0.0132,1275.5,0.0043,867.3333333,0.0007
8/9/12,185.8,-0.0062,651.25,0.0113,21.62,-0.0037,1289.25,0.0108,867.9166667,0.0007
8/10/12,184.65,-0.0062,652.75,0.0023,21.35,-0.0125,1307.5,0.0142,868.5,0.0007
8/13/12,183.5,-0.0062,651,-0.0027,21.28,-0.0033,1277.25,-0.0231,862.5,-0.0069
8/14/12,183.7,0.0011,647.5,-0.0054,21.1,-0.0085,1282.25,0.0039,853,-0.011
8/15/12,182.55,-0.0063,642.5,-0.0077,21.24,0.0066,1292.75,0.0082,847.5,-0.0064
8/16/12,181.8,-0.0041,643.5,0.0016,21.19,-0.0024,1282.5,-0.0079,843.75,-0.0044
8/17/12,182.3,0.0028,640.5,-0.0047,21.39,0.0094,1288.75,0.0049,853.5,0.0116
8/20/12,182.8,0.0027,644.25,0.0059,21.36,-0.0014,1302.75,0.0109,852.5,-0.0012
8/21/12,181.275,-0.0083,648,0.0058,21.3,-0.0028,1329.75,0.0207,867,0.017
8/22/12,179.75,-0.0084,658.5,0.0162,21,-0.0141,1333.75,0.003,865.75,-0.0014
8/23/12,181.3125,0.0087,655,-0.0053,21.06,0.0029,1321,-0.0096,866.5,0.0009
8/24/12,182.875,0.0086,652,-0.0046,20.95,-0.0052,1328.75,0.0059,863,-0.004
8/27/12,184.4375,0.0085,650.5,-0.0023,21.04,0.0043,1327.5,-0.0009,859.75,-0.0038
8/28/12,186,0.0085,648,-0.0038,20.87,-0.0081,1343,0.0117,855,-0.0055
8/29/12,184.8,-0.0065,660,0.0185,21.26,0.0187,1352.75,0.0073,861.5,0.0076
8/30/12,183.6,-0.0065,658.75,-0.0019,21.02,-0.0113,1356,0.0024,872,0.0122
8/31/12,182.325,-0.0069,654.5,-0.0065,21.14,0.0057,1359.75,0.0028,870,-0.0023
9/4/12,181.05,-0.007,663,0.013,21.19,0.0024,1386.75,0.0199,872,0.0023
9/5/12,179.775,-0.007,661,-0.003,21.05,-0.0066,1380.75,-0.0043,870,-0.0023
9/6/12,178.5,-0.0071,664,0.0045,20.82,-0.0109,1382.75,0.0014,867.5,-0.0029
9/7/12,178.5,0,668,0.006,20.8,-0.001,1372.25,-0.0076,876.75,0.0107
9/10/12,188.75,0.0574,670,0.003,20.8,0,1358.75,-0.0098,881,0.0048
9/11/12,195,0.0331,665,-0.0075,21.07,0.013,1348.75,-0.0074,869.5,-0.0131
9/12/12,197,0.0103,662,-0.0045,21.01,-0.0028,1375,0.0195,868.75,-0.0009
9/13/12,196.95,-0.0003,660.5,-0.0023,21.2,0.009,1391.5,0.012,874.75,0.0069
9/14/12,198.3,0.0069,663.25,0.0042,21.36,0.0075,1398.25,0.0049,886.75,0.0137
9/17/12,198.9,0.003,664,0.0011,21.56,0.0094,1341.25,-0.0408,891.25,0.0051
9/18/12,197.2875,-0.0081,650,-0.0211,21.46,-0.0046,1345.75,0.0034,873,-0.0205
9/19/12,195.675,-0.0082,644,-0.0092,20.92,-0.0252,1368.5,0.0169,881.25,0.0095
9/20/12,194.0625,-0.0082,644,0,20.55,-0.0177,1342.5,-0.019,870.5,-0.0122
9/21/12,192.45,-0.0083,649.75,0.0089,20.77,0.0107,1357,0.0108,876,0.0063
9/24/12,192.05,-0.0021,647.25,-0.0038,20.85,0.0039,1355,-0.0015,880.75,0.0054
9/25/12,191.65,-0.0021,643.75,-0.0054,21.1,0.012,1355,0,875.5,-0.006
9/26/12,192.05,0.0021,640.25,-0.0054,21.33,0.0109,1324.5,-0.0225,867,-0.0097
9/27/12,193.1,0.0055,627.5,-0.0199,21.03,-0.0141,1319.25,-0.004,865.5,-0.0017
9/28/12,194.625,0.0079,612.75,-0.0235,21.2,0.0081,1341,0.0165,850,-0.0179
10/1/12,196.15,0.0078,640,0.0445,21.22,0.0009,1331.75,-0.0069,877,0.0318
10/2/12,197,0.0043,642.75,0.0043,21.65,0.0203,1329,-0.0021,861,-0.0182
10/3/12,201,0.0203,636,-0.0105,21.95,0.0139,1342,0.0098,856.75,-0.0049
10/4/12,197.05,-0.0197,642.5,0.0102,22,0.0023,1338.75,-0.0024,866.25,0.0111
10/5/12,193.1,-0.02,634.5,-0.0125,22.04,0.0018,1325,-0.0103,861.5,-0.0055
10/8/12,187.05,-0.0313,630,-0.0071,21.96,-0.0036,1332,0.0053,861.375,-0.0001
10/9/12,184.4,-0.0142,635.25,0.0083,21.86,-0.0046,1342.25,0.0077,861.25,-0.0001
10/10/12,185,0.0033,635,-0.0004,21.89,0.0014,1338.75,-0.0026,868.25,0.0081
10/11/12,184.38,-0.0034,635,0,21.63,-0.0119,1357.5,0.014,878,0.0112
10/12/12,183.76,-0.0034,653,0.0283,20.92,-0.0328,1342.75,-0.0109,873.5,-0.0051
10/15/12,183.14,-0.0034,635,-0.0276,20.58,-0.0163,1328.5,-0.0106,854,-0.0223
10/16/12,182.52,-0.0034,633.75,-0.002,20.56,-0.001,1331.25,0.0021,855.75,0.002
10/17/12,181.9,-0.0034,630.5,-0.0051,20.64,0.0039,1341,0.0073,855.75,0
10/18/12,180.6,-0.0071,636,0.0087,20.5,-0.0068,1357.75,0.0125,857.75,0.0023
10/19/12,182,0.0078,639.25,0.0051,20.31,-0.0093,1342.75,-0.011,863,0.0061
10/22/12,185,0.0165,642.25,0.0047,20.77,0.0226,1342,-0.0006,868.5,0.0064
10/23/12,182.8,-0.0119,642,-0.0004,20.31,-0.0221,1340,-0.0015,867,-0.0017
10/24/12,180.15,-0.0145,641,-0.0016,20.05,-0.0128,1339,-0.0007,882.5,0.0179
10/25/12,179.375,-0.0043,644.25,0.0051,20.23,0.009,1340.5,0.0011,878.5,-0.0045
10/26/12,178.6,-0.0043,642,-0.0035,20.03,-0.0099,1345.5,0.0037,888.5,0.0114
10/29/12,180.8,0.0123,643,0.0016,19.97,-0.003,1335.25,-0.0076,884.5,-0.0045
10/30/12,183,0.0122,645,0.0031,19.97,0,1339.5,0.0032,882,-0.0028
10/31/12,175.5,-0.041,644.25,-0.0012,20.07,0.005,1353.5,0.0105,888.25,0.0071
11/1/12,175.4,-0.0006,645,0.0012,20,-0.0035,1358.25,0.0035,894.25,0.0068
11/2/12,175.05,-0.002,646,0.0016,20.06,0.003,1345.75,-0.0092,892.5,-0.002
11/5/12,173.2,-0.0106,643.25,-0.0043,20.1,0.002,1343.75,-0.0015,894.75,0.0025
11/6/12,172.25,-0.0055,639,-0.0066,20.04,-0.003,1353.5,0.0073,898.25,0.0039
11/7/12,171.5,-0.0044,644,0.0078,20.38,0.017,1355.5,0.0015,902,0.0042
11/8/12,170.875,-0.0036,647.5,0.0054,20.03,-0.0172,1347.75,-0.0057,903.5,0.0017
11/9/12,170.25,-0.0037,644,-0.0054,19.9,-0.0065,1329.75,-0.0134,911,0.0083
11/12/12,169.625,-0.0037,635,-0.014,20.07,0.0085,1297.25,-0.0244,901.5,-0.0104
11/13/12,169,-0.0037,620,-0.0236,20.15,0.004,1292.5,-0.0037,871.25,-0.0336
11/14/12,168.95,-0.0003,620,0,20.33,0.0089,1285.5,-0.0054,878.25,0.008
11/15/12,168.5,-0.0027,616.5,-0.0056,20.09,-0.0118,1281.5,-0.0031,873.5,-0.0054
11/16/12,169.35,0.005,612.5,-0.0065,19.92,-0.0085,1273.5,-0.0062,868.75,-0.0054
11/19/12,172.2,0.0168,619.25,0.011,20.08,0.008,1287.75,0.0112,872,0.0037
11/20/12,171.05,-0.0067,626.75,0.0121,20.35,0.0134,1302.75,0.0116,869.5,-0.0029
11/21/12,169.9,-0.0067,632.5,0.0092,20.42,0.0034,1295.75,-0.0054,869,-0.0006
11/23/12,169.7,-0.0012,635,0.004,20.37,-0.0024,1295.75,0,873.5,0.0052
11/26/12,166.2,-0.0206,632.25,-0.0043,19.97,-0.0196,1307,0.0087,877,0.004
11/27/12,165.1,-0.0066,637,0.0075,20.05,0.004,1321.5,0.0111,889.5,0.0143
11/28/12,164,-0.0067,645,0.0126,20.14,0.0045,1315.75,-0.0044,896.5,0.0079
11/29/12,170.35,0.0387,647,0.0031,20,-0.007,1319.75,0.003,897.25,0.0008
11/30/12,171.8,0.0085,642,-0.0077,20.18,0.009,1313.75,-0.0045,900,0.0031
12/3/12,166.65,-0.03,644,0.0031,20.21,0.0015,1323.75,0.0076,899,-0.0011
12/4/12,165.65,-0.006,647,0.0047,20.38,0.0084,1322,-0.0013,888.5,-0.0117
12/5/12,164.8,-0.0051,649,0.0031,20.17,-0.0103,1339.75,0.0134,891.75,0.0037
12/6/12,166.25,0.0088,652,0.0046,20.39,0.0109,1342.75,0.0022,888,-0.0042
12/7/12,166.2,-0.0003,651,-0.0015,20.29,-0.0049,1338.25,-0.0034,894,0.0068
12/10/12,167.9,0.0102,646,-0.0077,20.22,-0.0034,1342.25,0.003,889.25,-0.0053
12/11/12,163.95,-0.0235,644,-0.0031,19.96,-0.0129,1329.75,-0.0093,890.5,0.0014
12/12/12,163.25,-0.0043,634.5,-0.0148,19.94,-0.001,1327.75,-0.0015,887.5,-0.0034
12/13/12,162.55,-0.0043,635.5,0.0016,19.84,-0.005,1319.25,-0.0064,866,-0.0242
12/14/12,160.45,-0.0129,631,-0.0071,19.85,0.0005,1327.25,0.0061,868,0.0023
12/17/12,160.25,-0.0012,637.25,0.0099,20.23,0.0191,1328.5,0.0009,869,0.0012
12/18/12,161.75,0.0094,629.5,-0.0122,20.46,0.0114,1319.5,-0.0068,864.5,-0.0052
12/19/12,160.9,-0.0053,630.25,0.0012,20.48,0.001,1311.25,-0.0063,864,-0.0006
12/20/12,158.85,-0.0127,615,-0.0242,20.35,-0.0063,1298.5,-0.0097,840.5,-0.0272
12/21/12,160,0.0072,615,0,20.36,0.0005,1311.5,0.01,843.25,0.0033
12/24/12,161,0.0063,616.25,0.002,20.37,0.0005,1320.5,0.0069,842.75,-0.0006
12/26/12,162,0.0062,618,0.0028,20.29,-0.0039,1311,-0.0072,828,-0.0175
12/27/12,163,0.0062,612.5,-0.0089,20.3,0.0005,1314.25,0.0025,828.5,0.0006
12/28/12,164,0.0061,605,-0.0122,20.55,0.0123,1322,0.0059,830,0.0018
12/31/12,160.6,-0.0207,610,0.0083,20.42,-0.0063,1314.75,-0.0055,830.5,0.0006
1/2/13,165.9,0.033,611,0.0016,20.58,0.0078,1307,-0.0059,835,0.0054
1/3/13,166.4,0.003,595,-0.0262,20.68,0.0049,1304.25,-0.0021,815,-0.024
1/4/13,162.05,-0.0261,594.75,-0.0004,20.18,-0.0242,1289.25,-0.0115,807.5,-0.0092
1/7/13,165.45,0.021,582,-0.0214,20.17,-0.0005,1297.5,0.0064,802.25,-0.0065
1/8/13,164.2,-0.0076,584,0.0034,20.3,0.0064,1295.75,-0.0013,809,0.0084
1/9/13,163.25,-0.0058,588,0.0068,20.25,-0.0025,1300.25,0.0035,807.25,-0.0022
1/10/13,165.75,0.0153,590,0.0034,20.33,0.004,1294.25,-0.0046,802.25,-0.0062
1/11/13,166.35,0.0036,593,0.0051,20.5,0.0084,1278.25,-0.0124,798,-0.0053
1/14/13,170,0.0219,588,-0.0084,20.57,0.0034,1297.75,0.0153,815,0.0213
1/15/13,170,0,594,0.0102,20.4,-0.0083,1293.25,-0.0035,818,0.0037
1/16/13,168.75,-0.0074,597.75,0.0063,20.37,-0.0015,1306.5,0.0102,824,0.0073
1/17/13,170,0.0074,601.75,0.0067,20.09,-0.0137,1295.75,-0.0082,829,0.0061
1/18/13,170.8,0.0047,598,-0.0062,20.01,-0.004,1303,0.0056,826,-0.0036
1/22/13,171.5,0.0041,600.5,0.0042,19.93,-0.004,1320.75,0.0136,840,0.0169
1/23/13,164,-0.0437,598.5,-0.0033,19.73,-0.01,1310.75,-0.0076,825,-0.0179
1/24/13,165.2,0.0073,600,0.0025,19.84,0.0056,1310.5,-0.0002,823,-0.0024
1/25/13,162.25,-0.0179,596.5,-0.0058,19.95,0.0055,1308.25,-0.0017,816.25,-0.0082
1/28/13,165.05,0.0173,595,-0.0025,19.99,0.002,1314.75,0.005,825,0.0107
1/29/13,165.225,0.0011,598.5,0.0059,20.28,0.0145,1319.75,0.0038,827.75,0.0033
1/30/13,165.4,0.0011,597.5,-0.0017,20.18,-0.0049,1338.25,0.014,827.25,-0.0006
1/31/13,162.85,-0.0154,602,0.0075,20.29,0.0055,1335.75,-0.0019,830.5,0.0039
2/1/13,163.45,0.0037,601.25,-0.0012,20.37,0.0039,1338.25,0.0019,830,-0.0006
2/4/13,162.3,-0.007,602.25,0.0017,20.23,-0.0069,1349.75,0.0086,821,-0.0108
2/5/13,161.75,-0.0034,604,0.0029,20.17,-0.003,1353.25,0.0026,816,-0.0061
2/6/13,160.1,-0.0102,600,-0.0066,20.14,-0.0015,1341.25,-0.0089,807.75,-0.0101
2/7/13,158.6,-0.0094,588,-0.02,19.72,-0.0209,1329.5,-0.0088,807.5,-0.0003
2/8/13,157.05,-0.0098,577,-0.0187,19.77,0.0025,1290.75,-0.0291,805.25,-0.0028
2/11/13,157.75,0.0045,571,-0.0104,19.73,-0.002,1277.75,-0.0101,791,-0.0177
2/12/13,156.05,-0.0108,570,-0.0018,19.92,0.0096,1284,0.0049,781.25,-0.0123
2/13/13,155.75,-0.0019,573.75,0.0066,19.63,-0.0146,1280.75,-0.0025,777,-0.0054
2/14/13,155,-0.0048,575,0.0022,19.69,0.0031,1273.75,-0.0055,782,0.0064
2/15/13,153.7,-0.0084,574,-0.0017,19.35,-0.0173,1269.5,-0.0033,784,0.0026
2/19/13,155.15,0.0094,573.5,-0.0009,19.24,-0.0057,1282.75,0.0104,781.75,-0.0029
2/20/13,153.35,-0.0116,568,-0.0096,19.2,-0.0021,1295,0.0095,776.5,-0.0067
2/21/13,154.05,0.0046,569.5,0.0026,19.4,0.0104,1285.25,-0.0075,774.5,-0.0026
2/22/13,155,0.0062,565,-0.0079,19.35,-0.0026,1274.25,-0.0086,764.5,-0.0129
2/25/13,155.7,0.0045,563,-0.0035,19.65,0.0155,1271,-0.0026,754.75,-0.0128
2/26/13,156.05,0.0022,561.25,-0.0031,19.61,-0.002,1272,0.0008,744.25,-0.0139
2/27/13,155.85,-0.0013,566.25,0.0089,19.67,0.0031,1264.25,-0.0061,754,0.0131
2/28/13,157.2,0.0087,564,-0.004,19.43,-0.0122,1265.5,0.001,754.75,0.001
3/1/13,156,-0.0076,568,0.0071,19.72,0.0149,1266.75,0.001,749.25,-0.0073
3/4/13,157.45,0.0093,567,-0.0018,19.35,-0.0188,1276,0.0073,751.5,0.003
3/5/13,159.6,0.0137,560,-0.0123,19.5,0.0078,1285,0.0071,739,-0.0166
3/6/13,155.15,-0.0279,561,0.0018,19.43,-0.0036,1274.75,-0.008,744,0.0068
3/7/13,154.95,-0.0013,554,-0.0125,19.32,-0.0057,1284.5,0.0076,725.25,-0.0252
3/8/13,156.5,0.01,551,-0.0054,19.7,0.0197,1284.5,0,731.25,0.0083
3/11/13,156.6,0.0006,556.75,0.0104,19.72,0.001,1275.25,-0.0072,733,0.0024
3/12/13,155.7,-0.0057,562.25,0.0099,19.82,0.0051,1268,-0.0057,730,-0.0041
3/13/13,154.65,-0.0067,566.5,0.0076,19.8,-0.001,1272.5,0.0035,738.5,0.0116
3/14/13,153.2,-0.0094,564,-0.0044,19.83,0.0015,1263,-0.0075,741,0.0034
3/15/13,152.5,-0.0046,567.25,0.0058,19.86,0.0015,1261.75,-0.001,743.5,0.0034
3/18/13,150.5,-0.0131,570,0.0048,19.81,-0.0025,1258.25,-0.0028,746.75,0.0044
3/19/13,148.95,-0.0103,570,0,19.61,-0.0101,1261.25,0.0024,744.5,-0.003
3/20/13,146.7,-0.0151,570.5,0.0009,19.7,0.0046,1260.75,-0.0004,756,0.0154
3/21/13,146.2,-0.0034,575.25,0.0083,19.63,-0.0036,1270,0.0073,761.75,0.0076
3/22/13,146.65,0.0031,577.5,0.0039,19.57,-0.0031,1274,0.0031,753.5,-0.0108
3/25/13,148.7,0.014,577,-0.0009,19.5,-0.0036,1270.5,-0.0027,754,0.0007
3/26/13,149,0.002,580,0.0052,19.32,-0.0092,1275.75,0.0041,760,0.008
3/27/13,147.85,-0.0077,579.75,-0.0004,19.2,-0.0062,1284,0.0065,762.5,0.0033
3/28/13,149.8,0.0132,578,-0.003,19.17,-0.0016,1284.25,0.0002,766,0.0046
4/1/13,150.65,0.0057,547.75,-0.0523,19.05,-0.0063,1259.5,-0.0193,720,-0.0601
4/2/13,149.35,-0.0086,546.5,-0.0023,19.03,-0.001,1264.75,0.0042,713.5,-0.009
4/3/13,149.5,0.001,547.25,0.0014,19.03,0,1250,-0.0117,718.5,0.007
4/4/13,151.6,0.014,551.5,0.0078,18.94,-0.0047,1244,-0.0048,738,0.0271
4/5/13,151.5,-0.0007,550.5,-0.0018,19.01,0.0037,1237,-0.0056,734.5,-0.0047
4/8/13,152.35,0.0056,545.25,-0.0095,18.9,-0.0058,1241,0.0032,742,0.0102
4/9/13,148.9,-0.0226,542,-0.006,18.95,0.0026,1243,0.0016,750,0.0108
4/10/13,149.5,0.004,550,0.0148,19.01,0.0032,1251.75,0.007,746,-0.0053
4/11/13,148.75,-0.005,553.25,0.0059,19.08,0.0037,1248.25,-0.0028,743,-0.004
4/12/13,148.75,0,553.5,0.0005,19,-0.0042,1237.75,-0.0084,738.5,-0.0061
4/15/13,146.3,-0.0165,561,0.0136,19.07,0.0037,1236,-0.0014,750.5,0.0162
4/16/13,146.65,0.0024,542.25,-0.0334,18.75,-0.0168,1217,-0.0154,730.75,-0.0263
4/17/13,146.95,0.002,551,0.0161,18.98,0.0123,1235,0.0148,742.25,0.0157
4/18/13,147.3,0.0024,556.25,0.0095,18.95,-0.0016,1233,-0.0016,741.25,-0.0013
4/19/13,150.5,0.0217,551,-0.0094,18.87,-0.0042,1240.5,0.0061,741.75,0.0007
4/22/13,151.95,0.0096,554.25,0.0059,19.01,0.0074,1220,-0.0165,737.75,-0.0054
4/23/13,152.45,0.0033,544.75,-0.0171,18.89,-0.0063,1222,0.0016,737.5,-0.0003
4/24/13,147.3,-0.0338,533.75,-0.0202,18.94,0.0026,1209,-0.0106,728.25,-0.0125
4/25/13,148.15,0.0058,538.75,0.0094,18.64,-0.0158,1206.25,-0.0023,724.75,-0.0048
4/26/13,146.35,-0.0121,542,0.006,18.65,0.0005,1217.5,0.0093,736,0.0155
4/29/13,143.65,-0.0184,540.75,-0.0023,18.68,0.0016,1225.5,0.0066,734.25,-0.0024
4/30/13,143.9,0.0017,570,0.0541,18.76,0.0043,1238.75,0.0108,752.75,0.0252
5/1/13,144,0.0007,564.5,-0.0096,18.87,0.0059,1237,-0.0014,767,0.0189
5/2/13,144.35,0.0024,559.25,-0.0093,18.63,-0.0127,1220,-0.0137,758,-0.0117
5/3/13,147.45,0.0215,566.75,0.0134,18.81,0.0097,1223,0.0025,765.75,0.0102
5/6/13,148.25,0.0054,550,-0.0296,18.85,0.0021,1227.75,0.0039,750.5,-0.0199
5/7/13,150.1,0.0125,550,0,18.98,0.0069,1229,0.001,748,-0.0033
5/8/13,151,0.006,550,0,18.87,-0.0058,1227.25,-0.0014,750.5,0.0033
5/9/13,152.15,0.0076,541,-0.0164,18.7,-0.009,1228.25,0.0008,744.75,-0.0077
5/10/13,155.75,0.0237,549.5,0.0157,18.77,0.0037,1235,0.0055,762.5,0.0238
5/13/13,152.2,-0.0228,539,-0.0191,18.69,-0.0043,1215.5,-0.0158,744.5,-0.0236
5/14/13,154.65,0.0161,549.25,0.019,18.51,-0.0096,1227.5,0.0099,752.5,0.0107
5/15/13,152.35,-0.0149,547.75,-0.0027,18.36,-0.0081,1229.5,0.0016,751,-0.002
5/16/13,149.3,-0.02,542,-0.0105,18.28,-0.0044,1222,-0.0061,736,-0.02
5/17/13,149.4,0.0007,534,-0.0148,18.11,-0.0093,1232,0.0082,728.75,-0.0099
5/20/13,145.7,-0.0248,527.25,-0.0126,18.15,0.0022,1235,0.0024,721.75,-0.0096
5/21/13,144.65,-0.0072,524.5,-0.0052,18.09,-0.0033,1230,-0.004,721.25,-0.0007
5/22/13,143,-0.0114,531,0.0124,18.16,0.0039,1236.75,0.0055,720.75,-0.0007
5/23/13,138,-0.035,540.5,0.0179,17.95,-0.0116,1249,0.0099,725,0.0059
5/24/13,139.75,0.0127,544.75,0.0079,18.07,0.0067,1250.5,0.0012,738,0.0179
5/27/13,138.575,-0.0084,548.75,0.0073,18.14,0.0039,1252.75,0.0018,736,-0.0027
5/28/13,137.4,-0.0085,552.75,0.0073,18.21,0.0039,1255,0.0018,734,-0.0027
5/29/13,136.35,-0.0076,561,0.0149,18.01,-0.011,1291.25,0.0289,733.5,-0.0007
5/30/13,136.25,-0.0007,573.5,0.0223,17.92,-0.005,1294.5,0.0025,737,0.0048
5/31/13,135.1,-0.0084,572.25,-0.0022,17.92,0,1295.25,0.0006,734.25,-0.0037
6/3/13,135.8,0.0052,574,0.0031,17.85,-0.0039,1307,0.0091,747.5,0.018
6/4/13,137.8,0.0147,568.25,-0.01,17.75,-0.0056,1322.5,0.0119,747,-0.0007
6/5/13,136.65,-0.0083,563,-0.0092,17.73,-0.0011,1318.75,-0.0028,747.25,0.0003
6/6/13,136.3,-0.0026,552,-0.0195,17.63,-0.0056,1300,-0.0142,735.5,-0.0157
6/7/13,138.15,0.0136,558,0.0109,17.7,0.004,1313,0.01,733.5,-0.0027
6/10/13,136.2,-0.0141,562.75,0.0085,17.76,0.0034,1323,0.0076,731.5,-0.0027
6/11/13,137.8,0.0117,556.5,-0.0111,17.7,-0.0034,1320,-0.0023,727,-0.0062
6/12/13,135.85,-0.0142,561.5,0.009,17.57,-0.0073,1332.75,0.0097,730,0.0041
6/13/13,131,-0.0357,549.5,-0.0214,17.5,-0.004,1325,-0.0058,717,-0.0178
6/14/13,132.4,0.0107,545.25,-0.0077,17.48,-0.0011,1309,-0.0121,719,0.0028
6/17/13,130.35,-0.0155,539.75,-0.0101,17.95,0.0269,1290,-0.0145,711.75,-0.0101
6/18/13,129.25,-0.0084,549.5,0.0181,18.08,0.0072,1296.75,0.0052,716.5,0.0067
6/19/13,130.25,0.0077,560,0.0191,17.84,-0.0133,1293.5,-0.0025,717.75,0.0017
6/20/13,129.9,-0.0027,578,0.0321,17.96,0.0067,1309.5,0.0124,738.5,0.0289
6/21/13,125.65,-0.0327,570.25,-0.0134,17.45,-0.0284,1281.5,-0.0214,733.25,-0.0071
6/24/13,125.4,-0.002,559.5,-0.0189,17.69,0.0138,1265.5,-0.0125,726.25,-0.0095
6/25/13,126.45,0.0084,557,-0.0045,17.86,0.0096,1282.75,0.0136,715.5,-0.0148
6/26/13,125.9,-0.0043,555.5,-0.0027,17.99,0.0073,1278.5,-0.0033,713,-0.0035
6/27/13,124.9,-0.0079,554.5,-0.0018,18.06,0.0039,1272.5,-0.0047,706.5,-0.0091
6/28/13,128.4,0.028,549,-0.0099,17.83,-0.0127,1273.75,0.001,701.5,-0.0071
7/1/13,126.45,-0.0152,519.25,-0.0542,17.76,-0.0039,1250,-0.0186,680,-0.0306
7/2/13,127.85,0.0111,513,-0.012,17.56,-0.0113,1249.75,-0.0002,683.5,0.0051
7/3/13,130,0.0168,516,0.0058,17.35,-0.012,1251,0.001,684.75,0.0018
7/4/13,128.925,-0.0083,515.5,-0.001,17.335,-0.0009,1254.875,0.0031,691.125,0.0093
7/5/13,127.85,-0.0083,515,-0.001,17.32,-0.0009,1258.75,0.0031,697.5,0.0092
7/8/13,126.4,-0.0113,503,-0.0233,17.09,-0.0133,1236.25,-0.0179,682.25,-0.0219
7/9/13,129,0.0206,514,0.0219,17.1,0.0006,1261,0.02,687.5,0.0077
7/10/13,127.95,-0.0081,533.5,0.0379,17.08,-0.0012,1281,0.0159,702,0.0211
7/11/13,128.25,0.0023,533.5,0,17.05,-0.0018,1288,0.0055,706,0.0057
7/12/13,129.15,0.007,538,0.0084,16.97,-0.0047,1292.75,0.0037,710.25,0.006
7/15/13,124.5,-0.036,517.75,-0.0376,16.85,-0.0071,1254.25,-0.0298,702.5,-0.0109
7/16/13,128.5,0.0321,520,0.0043,16.9,0.003,1274.5,0.0161,697.5,-0.0071
7/17/13,130.55,0.016,524.75,0.0091,16.8,-0.0059,1289,0.0114,694.5,-0.0043
7/18/13,132.45,0.0146,512.25,-0.0238,16.78,-0.0012,1276.75,-0.0095,690.5,-0.0058
7/19/13,132.7,0.0019,512.25,0,16.91,0.0077,1268.75,-0.0063,685.75,-0.0069
7/22/13,129.3,-0.0256,515,0.0054,17.01,0.0059,1284,0.012,688,0.0033
7/23/13,131.4,0.0162,508.25,-0.0131,17.09,0.0047,1282.25,-0.0014,681,-0.0102
7/24/13,131.5,0.0008,498.25,-0.0197,17.02,-0.0041,1261.5,-0.0162,676.25,-0.007
7/25/13,127.45,-0.0308,493,-0.0105,16.84,-0.0106,1257.75,-0.003,673.5,-0.0041
7/26/13,130,0.02,491,-0.0041,17.03,0.0113,1225,-0.026,670.75,-0.0041
7/29/13,127.25,-0.0212,488,-0.0061,17.01,-0.0012,1227,0.0016,674,0.0048
7/30/13,126.2,-0.0083,486,-0.0041,17.43,0.0247,1230,0.0024,672.25,-0.0026
7/31/13,126,-0.0016,489.5,0.0072,17.4,-0.0017,1204,-0.0211,676.75,0.0067
8/1/13,124.4,-0.0127,491.5,0.0041,17.42,0.0011,1208.75,0.0039,685.75,0.0133
8/2/13,122.1,-0.0185,480,-0.0234,17.36,-0.0034,1201.75,-0.0058,679.75,-0.0087
8/5/13,123.5,0.0115,475,-0.0104,17.37,0.0006,1191.75,-0.0083,682.5,0.004
8/6/13,124.55,0.0085,473.25,-0.0037,17.18,-0.0109,1192,0.0002,668,-0.0212
8/7/13,124,-0.0044,472.5,-0.0016,17.16,-0.0012,1180.5,-0.0096,673.5,0.0082
8/8/13,126.1,0.0169,471.5,-0.0021,17.39,0.0134,1175,-0.0047,666.75,-0.01
8/9/13,127.35,0.0099,473,0.0032,17.42,0.0017,1192.75,0.0151,666,-0.0011
8/12/13,128.6,0.0098,468,-0.0106,17.56,0.008,1197.5,0.004,660.25,-0.0086
8/13/13,128.9,0.0023,477.25,0.0198,17.68,0.0068,1230,0.0271,664,0.0057
8/14/13,125.9,-0.0233,460.75,-0.0346,17.72,0.0023,1232,0.0016,652.75,-0.0169
8/15/13,127.7,0.0143,469.25,0.0184,17.71,-0.0006,1241.25,0.0075,656.25,0.0054
8/16/13,127.25,-0.0035,485,0.0336,17.64,-0.004,1260.25,0.0153,662,0.0088
8/19/13,125.25,-0.0157,485,0,17.38,-0.0147,1260,-0.0002,662,0
8/20/13,125.15,-0.0008,497,0.0247,17.14,-0.0138,1279,0.0151,665.5,0.0053
8/21/13,121.75,-0.0272,488,-0.0181,17.1,-0.0023,1270.25,-0.0068,658,-0.0113
8/22/13,120.35,-0.0115,494,0.0123,16.95,-0.0088,1278.75,0.0067,662.25,0.0065
8/23/13,120,-0.0029,477.75,-0.0329,16.94,-0.0006,1270.5,-0.0065,655,-0.0109
8/26/13,120.75,0.0063,489.5,0.0246,17,0.0035,1320.75,0.0396,663.75,0.0134
8/27/13,120.1,-0.0054,511.5,0.0449,17.08,0.0047,1351,0.0229,679,0.023
8/28/13,120.2,0.0008,498.75,-0.0249,16.94,-0.0082,1335.75,-0.0113,678,-0.0015
8/29/13,121,0.0067,493.75,-0.01,16.97,0.0018,1346,0.0077,674,-0.0059
8/30/13,120.6,-0.0033,493,-0.0015,16.88,-0.0053,1339.75,-0.0046,665.75,-0.0122
9/2/13,119.9,-0.0058,497.5,0.0091,16.9,0.0012,1351.875,0.0091,670.125,0.0066
9/3/13,119.2,-0.0058,502,0.009,16.92,0.0012,1364,0.009,674.5,0.0065
9/4/13,120.2,0.0084,488,-0.0279,17.05,0.0077,1358.5,-0.004,658.75,-0.0234
9/5/13,119.75,-0.0037,482,-0.0123,16.98,-0.0041,1333.75,-0.0182,658.75,0
9/6/13,120.2,0.0038,474,-0.0166,17.13,0.0088,1344.25,0.0079,652,-0.0102
9/9/13,120.75,0.0046,481.25,0.0153,17.3,0.0099,1355,0.008,662,0.0153
9/10/13,121.15,0.0033,475.25,-0.0125,17.48,0.0104,1330,-0.0185,653.5,-0.0128
9/11/13,120,-0.0095,482,0.0142,17.59,0.0063,1338.25,0.0062,659,0.0084
9/12/13,124,0.0333,484.5,0.0052,17.59,0,1340.5,0.0017,659,0
9/13/13,123.9,-0.0008,476.75,-0.016,17.72,0.0074,1368.25,0.0207,663.75,0.0072
9/16/13,123,-0.0073,470,-0.0142,17.56,-0.009,1340,-0.0206,652,-0.0177
9/17/13,121.9,-0.0089,469.75,-0.0005,17.53,-0.0017,1323.5,-0.0123,653.75,0.0027
9/18/13,117.85,-0.0332,466.5,-0.0069,17.45,-0.0046,1323.75,0.0002,653,-0.0011
9/19/13,119,0.0098,469.5,0.0064,17.55,0.0057,1335,0.0085,658,0.0077
9/20/13,118.8,-0.0017,472,0.0053,17.77,0.0125,1322.75,-0.0092,667,0.0137
9/23/13,118,-0.0067,463,-0.0191,17.66,-0.0062,1295.25,-0.0208,657,-0.015
9/24/13,120,0.0169,465,0.0043,17.79,0.0074,1293.5,-0.0014,664,0.0107
9/25/13,120.7,0.0058,461,-0.0086,17.93,0.0079,1297.75,0.0033,668.25,0.0064
9/26/13,120.35,-0.0029,467,0.013,18.19,0.0145,1305,0.0056,681,0.0191
9/27/13,119,-0.0112,469.5,0.0054,18.14,-0.0027,1296.75,-0.0063,687.5,0.0095
9/30/13,116.85,-0.0181,465.25,-0.0091,17.69,-0.0248,1294.5,-0.0017,690.75,0.0047
10/1/13,117.1,0.0021,454.5,-0.0231,18.13,0.0249,1262.75,-0.0245,686.25,-0.0065
10/2/13,118.25,0.0098,451.75,-0.0061,18.3,0.0094,1253,-0.0077,689,0.004
10/3/13,117.7,-0.0047,451.75,0,18.47,0.0093,1257,0.0032,693.25,0.0062
10/4/13,118.35,0.0055,452.25,0.0011,18.52,0.0027,1268.75,0.0093,695.75,0.0036
10/7/13,117.2,-0.0097,455.5,0.0072,18.5,-0.0011,1278.5,0.0077,696.25,0.0007
10/8/13,117.65,0.0038,461,0.0121,18.6,0.0054,1283.75,0.0041,704.25,0.0115
10/9/13,118.1,0.0038,454.25,-0.0146,18.6,0,1274.25,-0.0074,702,-0.0032
10/10/13,118.5,0.0034,456,0.0039,18.55,-0.0027,1267.5,-0.0053,700.25,-0.0025
10/11/13,117.55,-0.008,449.25,-0.0148,18.74,0.0102,1270.5,0.0024,694.25,-0.0086
10/14/13,119.8,0.0191,445.5,-0.0083,18.91,0.0091,1251,-0.0153,699.75,0.0079
10/15/13,120.15,0.0029,449.5,0.009,19.04,0.0069,1258.25,0.0058,701,0.0018
10/16/13,119.75,-0.0033,455.5,0.0133,18.7,-0.0179,1254.5,-0.003,695.5,-0.0078
10/17/13,118.95,-0.0067,454.5,-0.0022,18.97,0.0144,1263.25,0.007,691,-0.0065
10/18/13,117.5,-0.0122,455,0.0011,18.98,0.0005,1271.75,0.0067,696.5,0.008
10/21/13,117.65,0.0013,453.25,-0.0038,19.5,0.0274,1271,-0.0006,714.5,0.0258
10/22/13,116.35,-0.011,456,0.0061,19.41,-0.0046,1279.25,0.0065,709.75,-0.0066
10/23/13,115,-0.0116,450.75,-0.0115,19.42,0.0005,1274.5,-0.0037,710.75,0.0014
10/24/13,113.6,-0.0122,455,0.0094,19.18,-0.0124,1282.5,0.0063,711.25,0.0007
10/25/13,113.4,-0.0018,452,-0.0066,18.87,-0.0162,1281.5,-0.0008,707,-0.006
10/28/13,112.3,-0.0097,451,-0.0022,19.03,0.0085,1270,-0.009,700.25,-0.0095
10/29/13,110,-0.0205,442.75,-0.0183,18.85,-0.0095,1248.75,-0.0167,692,-0.0118
10/30/13,109.95,-0.0005,443.75,0.0023,18.53,-0.017,1254.5,0.0046,695.75,0.0054
10/31/13,110,0.0005,441.75,-0.0045,18.36,-0.0092,1258.75,0.0034,686.75,-0.0129
11/1/13,108.55,-0.0132,438.75,-0.0068,18.33,-0.0016,1250.25,-0.0068,680,-0.0098
11/4/13,108.65,0.0009,436.5,-0.0051,18.17,-0.0087,1238.25,-0.0096,678.5,-0.0022
11/5/13,106.85,-0.0166,436,-0.0011,18.36,0.0105,1240.5,0.0018,674,-0.0066
11/6/13,106.5,-0.0033,435,-0.0023,18.27,-0.0049,1235.5,-0.004,668.25,-0.0085
11/7/13,104.25,-0.0211,431,-0.0092,18.05,-0.012,1240,0.0036,663.25,-0.0075
11/8/13,106.9,0.0254,430.5,-0.0012,18.1,0.0028,1246,0.0048,664.25,0.0015
11/11/13,107.1,0.0019,438.5,0.0186,18.05,-0.0028,1277,0.0249,663,-0.0019
11/12/13,106.3,-0.0075,446.25,0.0177,17.97,-0.0044,1280,0.0023,658.25,-0.0072
11/13/13,109.05,0.0259,443.5,-0.0062,17.9,-0.0039,1295.75,0.0123,657,-0.0019
11/14/13,106,-0.028,440,-0.0079,17.85,-0.0028,1296.75,0.0008,656,-0.0015
11/15/13,105.8,-0.0019,436,-0.0091,17.64,-0.0118,1296.25,-0.0004,656,0
11/18/13,109.1,0.0312,430,-0.0138,17.6,-0.0023,1265,-0.0241,655.75,-0.0004
11/19/13,109.55,0.0041,421,-0.0209,17.75,0.0085,1270.5,0.0043,653,-0.0042
11/20/13,108.5,-0.0096,426,0.0119,17.64,-0.0062,1264.75,-0.0045,660,0.0107
11/21/13,110.2,0.0157,425,-0.0023,17.65,0.0006,1265,0.0002,655.75,-0.0064
11/22/13,111.6,0.0127,429,0.0094,17.51,-0.0079,1279.5,0.0115,655.5,-0.0004
11/25/13,107.6,-0.0358,429,0,17.45,-0.0034,1305,0.0199,658.5,0.0046
11/26/13,108.55,0.0088,431,0.0047,17.32,-0.0074,1312.75,0.0059,659.5,0.0015
11/27/13,108.85,0.0028,424,-0.0162,17.37,0.0029,1310.25,-0.0019,656.75,-0.0042
11/28/13,108.625,-0.0021,425.25,0.0029,17.31,-0.0035,1311.625,0.001,662.625,0.0089
11/29/13,108.4,-0.0021,426.5,0.0029,17.25,-0.0035,1313,0.001,668.5,0.0089
12/2/13,110.85,0.0226,422.75,-0.0088,17.19,-0.0035,1317.25,0.0032,668.75,0.0004
12/3/13,109.9,-0.0086,424.5,0.0041,16.96,-0.0134,1305,-0.0093,663.75,-0.0075
12/4/13,110.4,0.0045,430.75,0.0147,16.83,-0.0077,1304.75,-0.0002,668.5,0.0072
12/5/13,108.4,-0.0181,435.75,0.0116,16.69,-0.0083,1310.75,0.0046,662,-0.0097
12/6/13,106.4,-0.0185,433.25,-0.0057,16.78,0.0054,1311.5,0.0006,652,-0.0151
12/9/13,106.5,0.0009,433.75,0.0012,16.58,-0.0119,1308.5,-0.0023,651.5,-0.0008
12/10/13,106.1,-0.0038,437,0.0075,16.53,-0.003,1325.75,0.0132,650,-0.0023
12/11/13,110.25,0.0391,436,-0.0023,16.64,0.0067,1322.75,-0.0023,640.25,-0.015
12/12/13,109.95,-0.0027,438.5,0.0057,16.49,-0.009,1328,0.004,641,0.0012
12/13/13,111.75,0.0164,433.5,-0.0114,16.32,-0.0103,1310.75,-0.013,633.75,-0.0113
12/16/13,115.25,0.0313,425.75,-0.0179,16.32,0,1314,0.0025,628.75,-0.0079
12/17/13,115.6,0.003,423,-0.0065,16.25,-0.0043,1323.75,0.0074,622.5,-0.0099
12/18/13,114.2,-0.0121,426,0.0071,15.96,-0.0178,1332.75,0.0068,619,-0.0056
12/19/13,115.9,0.0149,425,-0.0023,15.9,-0.0038,1314.5,-0.0137,615,-0.0065
12/20/13,113.75,-0.0186,429.75,0.0112,16.18,0.0176,1317.5,0.0023,610,-0.0081
12/23/13,115,0.011,433,0.0076,16.48,0.0185,1335,0.0133,614.25,0.007
12/24/13,115.85,0.0074,433.5,0.0012,16.25,-0.014,1319.75,-0.0114,610.25,-0.0065
12/26/13,115,-0.0073,433,-0.0012,16.26,0.0006,1319,-0.0006,606,-0.007
12/27/13,115.6,0.0052,426.25,-0.0156,16.32,0.0037,1305.25,-0.0104,608,0.0033
12/30/13,116.35,0.0065,426.5,0.0006,16.42,0.0061,1306.5,0.001,607.5,-0.0008
12/31/13,114.6,-0.015,423.5,-0.007,16.35,-0.0043,1307.5,0.0008,601.75,-0.0095
1/2/14,111.2,-0.0297,422,-0.0035,16.38,0.0018,1292,-0.0119,605,0.0054
1/3/14,111.5,0.0027,420.5,-0.0036,16.28,-0.0061,1270,-0.017,596.75,-0.0136
1/6/14,116.5,0.0448,423.5,0.0071,16.08,-0.0123,1274,0.0031,608,0.0189
1/7/14,121.5,0.0429,427,0.0083,16.1,0.0012,1277.5,0.0027,606.5,-0.0025
1/8/14,117.7,-0.0313,425.25,-0.0041,16.08,-0.0012,1275,-0.002,603,-0.0058
1/9/14,120.9,0.0272,416,-0.0218,15.78,-0.0187,1267.75,-0.0057,588,-0.0249
1/10/14,118.55,-0.0194,411.5,-0.0108,15.47,-0.0196,1273.5,0.0045,584.5,-0.006
1/13/14,120.35,0.0152,431.75,0.0492,15.59,0.0078,1278.75,0.0041,571.5,-0.0222
1/14/14,119.75,-0.005,433.5,0.0041,15.61,0.0013,1293,0.0111,571.25,-0.0004
1/15/14,118.85,-0.0075,431,-0.0058,15.49,-0.0077,1305.25,0.0095,579,0.0136
1/16/14,117.5,-0.0114,425.75,-0.0122,15.22,-0.0174,1316.5,0.0086,568.25,-0.0186
1/17/14,118.1,0.0051,427,0.0029,15.5,0.0184,1312.75,-0.0028,572.75,0.0079
1/21/14,117.15,-0.008,424,-0.007,15.22,-0.0181,1313,0.0002,566,-0.0118
1/22/14,115.9,-0.0107,425,0.0024,15.2,-0.0013,1279.75,-0.0253,562.5,-0.0062
1/23/14,114.95,-0.0082,426,0.0024,15.04,-0.0105,1279.75,0,561.75,-0.0013
1/24/14,115.1,0.0013,428.5,0.0059,15.06,0.0013,1275.75,-0.0031,571,0.0165
1/27/14,114.2,-0.0078,428.75,0.0006,15.15,0.006,1286,0.008,567,-0.007
1/28/14,113.5,-0.0061,431,0.0052,14.75,-0.0264,1287.25,0.001,564,-0.0053
1/29/14,114.7,0.0106,431.25,0.0006,15.08,0.0224,1284.75,-0.0019,567,0.0053
1/30/14,117.3,0.0227,427.5,-0.0087,14.8,-0.0186,1269,-0.0123,551.75,-0.0269
1/31/14,120.2,0.0247,432.5,0.0117,14.99,0.0128,1275.5,0.0051,554,0.0041
2/3/14,125.2,0.0416,433.5,0.0023,15.54,0.0367,1281.75,0.0049,555,0.0018
2/4/14,135.95,0.0859,435.5,0.0046,15.76,0.0142,1292.75,0.0086,563.75,0.0158
2/5/14,136.3,0.0026,441,0.0126,16.05,0.0184,1312,0.0149,585,0.0377
2/6/14,142.6,0.0462,442.5,0.0034,16.08,0.0019,1315.25,0.0025,587,0.0034
2/7/14,135.1,-0.0526,442.5,0,15.84,-0.0149,1324,0.0067,582,-0.0085
2/10/14,133.95,-0.0085,442.75,0.0006,15.65,-0.012,1327,0.0023,574.5,-0.0129
2/11/14,136.8,0.0213,442.75,0,15.67,0.0013,1323.25,-0.0028,585.75,0.0196
2/12/14,136.65,-0.0011,440.75,-0.0045,15.46,-0.0134,1335,0.0089,589.75,0.0068
2/13/14,141.55,0.0359,439.75,-0.0023,15.85,0.0252,1323,-0.009,586.25,-0.0059
2/14/14,137.9,-0.0258,440.25,0.0011,15.66,-0.012,1342.25,0.0146,595.25,0.0154
2/18/14,140.05,0.0156,445,0.0108,15.66,0,1337.25,-0.0037,599.5,0.0071