Date,Open,High,Low,Close,Adj Close,Volume,,,,Period 1:,
2/21/12,1361.219971,1367.76001,1358.109985,1362.209961,1362.209961,3795200000,,,,0.08383,<-- Returns
2/22/12,1362.109985,1362.699951,1355.530029,1357.660034,1357.660034,3633710000,-0.003340107,-0.003396802,,0.0342,<-- Sharpe
2/23/12,1357.530029,1364.23999,1352.280029,1363.459961,1363.459961,3786450000,0.004272002,0.004215307,,Period 2:,
2/24/12,1363.459961,1368.920044,1363.459961,1365.73999,1365.73999,3505360000,0.001672238,0.001615543,,0.14846,
2/27/12,1365.199951,1371.939941,1354.920044,1367.589966,1367.589966,3648890000,0.001354559,0.001297864,,0.07366,
2/28/12,1367.560059,1373.089966,1365.969971,1372.180054,1372.180054,3579120000,0.003356333,0.003299638,,Period 3:,
2/29/12,1372.199951,1378.040039,1363.810059,1365.680054,1365.680054,4482370000,-0.004736988,-0.004793683,,0.18704,
3/1/12,1365.900024,1376.170044,1365.900024,1374.089966,1374.089966,3919240000,0.00615804,0.006101345,,0.08921,
3/2/12,1374.089966,1374.530029,1366.420044,1369.630005,1369.630005,3283490000,-0.003245756,-0.003302451,,Period 4:,
3/5/12,1369.589966,1369.589966,1359.130005,1364.329956,1364.329956,3429480000,-0.003869694,-0.003926389,,0.23584,
3/6/12,1363.630005,1363.630005,1340.030029,1343.359985,1343.359985,4191060000,-0.015370161,-0.015426856,,0.1182,
3/7/12,1343.390015,1354.849976,1343.390015,1352.630005,1352.630005,3580380000,0.006900622,0.006843927,,,
3/8/12,1352.650024,1368.719971,1352.650024,1365.910034,1365.910034,3543060000,0.009817932,0.009761237,,,
3/9/12,1365.969971,1374.76001,1365.969971,1370.869995,1370.869995,3639470000,0.00363125,0.003574555,,,
3/12/12,1370.780029,1373.040039,1366.689941,1371.089966,1371.089966,3081870000,0.000160461,0.000103766,,,
3/13/12,1371.920044,1396.130005,1371.920044,1395.949951,1395.949951,4386470000,0.018131549,0.018074854,,,
3/14/12,1395.949951,1399.420044,1389.969971,1394.280029,1394.280029,4502280000,-0.001196262,-0.001252957,,,
3/15/12,1394.170044,1402.630005,1392.780029,1402.599976,1402.599976,4271650000,0.005967199,0.005910504,,,
3/16/12,1402.550049,1405.880005,1401.469971,1404.170044,1404.170044,5163950000,0.001119398,0.001062703,,,
3/19/12,1404.170044,1414,1402.430054,1409.75,1409.75,3932570000,0.003973846,0.003917151,,,
3/20/12,1409.589966,1409.589966,1397.680054,1405.52002,1405.52002,3695280000,-0.003000518,-0.003057213,,,
3/21/12,1405.52002,1407.75,1400.640015,1402.890015,1402.890015,3573590000,-0.001871197,-0.001927892,,,
3/22/12,1402.890015,1402.890015,1388.72998,1392.780029,1392.780029,3740590000,-0.007206542,-0.007263237,,,
3/23/12,1392.780029,1399.180054,1386.869995,1397.109985,1397.109985,3472950000,0.003108858,0.003052163,,,
3/26/12,1397.109985,1416.579956,1397.109985,1416.51001,1416.51001,3576950000,0.013885825,0.01382913,,,
3/27/12,1416.550049,1419.150024,1411.949951,1412.52002,1412.52002,3513640000,-0.002816775,-0.00287347,,,
3/28/12,1412.52002,1413.650024,1397.199951,1405.540039,1405.540039,3892800000,-0.004941509,-0.004998204,,,
3/29/12,1405.390015,1405.390015,1391.560059,1403.280029,1403.280029,3832000000,-0.00160793,-0.001664625,,,
3/30/12,1403.310059,1410.890015,1401.420044,1408.469971,1408.469971,3676890000,0.003698436,0.003641741,,,
4/2/12,1408.469971,1422.380005,1404.459961,1419.040039,1419.040039,3572010000,0.007504646,0.007447951,,,
4/3/12,1418.97998,1419,1404.619995,1413.380005,1413.380005,3822090000,-0.003988636,-0.004045331,,,
4/4/12,1413.089966,1413.089966,1394.089966,1398.959961,1398.959961,3938290000,-0.010202524,-0.010259219,,,
4/5/12,1398.790039,1401.599976,1392.920044,1398.079956,1398.079956,3303740000,-0.000629042,-0.000685737,,,
4/9/12,1397.449951,1397.449951,1378.23999,1382.199951,1382.199951,3468980000,-0.011358438,-0.011415133,,,
4/10/12,1382.180054,1383.01001,1357.380005,1358.589966,1358.589966,4631730000,-0.017081454,-0.017138149,,,
4/11/12,1358.97998,1374.709961,1358.97998,1368.709961,1368.709961,3743040000,0.007448896,0.007392201,,,
4/12/12,1368.77002,1388.130005,1368.77002,1387.569946,1387.569946,3618280000,0.013779388,0.013722693,,,
4/13/12,1387.609985,1387.609985,1369.849976,1370.26001,1370.26001,3631160000,-0.012475001,-0.012531696,,,
4/16/12,1370.27002,1379.660034,1365.380005,1369.569946,1369.569946,3574780000,-0.000503601,-0.000560296,,,
4/17/12,1369.569946,1392.76001,1369.569946,1390.780029,1390.780029,3456200000,0.015486674,0.015429979,,,
4/18/12,1390.780029,1390.780029,1383.290039,1385.140015,1385.140015,3463140000,-0.004055288,-0.004111983,,,
4/19/12,1385.079956,1390.459961,1370.300049,1376.920044,1376.920044,4180020000,-0.005934397,-0.005991092,,,
4/20/12,1376.959961,1387.400024,1376.959961,1378.530029,1378.530029,3833320000,0.001169265,0.00111257,,,
4/23/12,1378.530029,1378.530029,1358.790039,1366.939941,1366.939941,3654860000,-0.00840757,-0.008464265,,,
4/24/12,1366.969971,1375.569946,1366.819946,1371.969971,1371.969971,3617100000,0.003679774,0.003623079,,,
4/25/12,1372.109985,1391.369995,1372.109985,1390.689941,1390.689941,3998430000,0.013644592,0.013587897,,,
4/26/12,1390.640015,1402.089966,1387.280029,1399.97998,1399.97998,4034700000,0.006680166,0.006623471,,,
4/27/12,1400.189941,1406.640015,1397.310059,1403.359985,1403.359985,3645830000,0.002414324,0.002357629,,,
4/30/12,1403.26001,1403.26001,1394,1397.910034,1397.910034,3574010000,-0.003883502,-0.003940197,,,
5/1/12,1397.859985,1415.319946,1395.72998,1405.819946,1405.819946,3807950000,0.005658384,0.005601689,,,
5/2/12,1405.5,1405.5,1393.920044,1402.310059,1402.310059,3803860000,-0.002496683,-0.002553378,,,
5/3/12,1402.319946,1403.069946,1388.709961,1391.569946,1391.569946,4004910000,-0.007658872,-0.007715567,,,
5/4/12,1391.51001,1391.51001,1367.959961,1369.099976,1369.099976,3975140000,-0.016147208,-0.016203903,,,
5/7/12,1368.790039,1373.910034,1363.939941,1369.579956,1369.579956,3559390000,0.000350581,0.000293886,,,
5/8/12,1369.160034,1369.160034,1347.75,1363.719971,1363.719971,4261670000,-0.004278673,-0.004335368,,,
5/9/12,1363.199951,1363.72998,1343.130005,1354.579956,1354.579956,4288540000,-0.006702267,-0.006758962,,,
5/10/12,1354.579956,1365.880005,1354.579956,1357.98999,1357.98999,3727990000,0.002517411,0.002460716,,,
5/11/12,1358.109985,1365.660034,1348.890015,1353.390015,1353.390015,3869070000,-0.003387341,-0.003444036,,,
5/14/12,1351.930054,1351.930054,1336.609985,1338.349976,1338.349976,3688120000,-0.011112864,-0.011169559,,,
5/15/12,1338.359985,1344.939941,1328.410034,1330.660034,1330.660034,4114040000,-0.005745838,-0.005802533,,,
5/16/12,1330.780029,1341.780029,1324.790039,1324.800049,1324.800049,4280420000,-0.004403818,-0.004460513,,,
5/17/12,1324.819946,1326.359985,1304.859985,1304.859985,1304.859985,4664280000,-0.015051376,-0.015108071,,,
5/18/12,1305.050049,1312.23999,1291.97998,1295.219971,1295.219971,4512470000,-0.007387777,-0.007444472,,,
5/21/12,1295.72998,1316.390015,1295.72998,1315.98999,1315.98999,3786750000,0.016035901,0.015979206,,,
5/22/12,1316.089966,1328.48999,1310.040039,1316.630005,1316.630005,4123680000,0.000486337,0.000429642,,,
5/23/12,1316.02002,1320.709961,1296.530029,1318.859985,1318.859985,4108330000,0.001693703,0.001637008,,,
5/24/12,1318.719971,1324.140015,1310.5,1320.680054,1320.680054,3937670000,0.001380032,0.001323337,,,
5/25/12,1320.810059,1324.199951,1314.22998,1317.819946,1317.819946,2872660000,-0.002165633,-0.002222328,,,
5/29/12,1318.900024,1334.930054,1318.900024,1332.420044,1332.420044,3441640000,0.011078978,0.011022283,,,
5/30/12,1331.25,1331.25,1310.76001,1313.319946,1313.319946,3534290000,-0.014334892,-0.014391587,,,
5/31/12,1313.089966,1319.73999,1298.900024,1310.329956,1310.329956,4557620000,-0.002276665,-0.00233336,,,
6/1/12,1309.869995,1309.869995,1277.25,1278.040039,1278.040039,4669350000,-0.024642585,-0.02469928,,,
6/4/12,1278.290039,1282.550049,1266.73999,1278.180054,1278.180054,4011960000,0.000109554,5.29E-05,,,
6/5/12,1277.819946,1287.619995,1274.160034,1285.5,1285.5,3403230000,0.00572685,0.005670155,,,
6/6/12,1285.609985,1315.130005,1285.609985,1315.130005,1315.130005,4268360000,0.023049401,0.022992706,,,
6/7/12,1316.150024,1329.050049,1312.680054,1314.98999,1314.98999,4258140000,-0.000106465,-0.00016316,,,
6/8/12,1314.98999,1325.810059,1307.77002,1325.660034,1325.660034,3497190000,0.008114164,0.008057469,,,
6/11/12,1325.719971,1335.52002,1307.72998,1308.930054,1308.930054,3537530000,-0.012620113,-0.012676808,,,
6/12/12,1309.400024,1324.310059,1306.619995,1324.180054,1324.180054,3442920000,0.011650737,0.011594042,,,
6/13/12,1324.02002,1327.280029,1310.51001,1314.880005,1314.880005,3506510000,-0.007023251,-0.007079946,,,
6/14/12,1314.880005,1333.680054,1314.140015,1329.099976,1329.099976,3687720000,0.010814653,0.010757958,,,
6/15/12,1329.189941,1343.319946,1329.189941,1342.839966,1342.839966,4401570000,0.010337815,0.01028112,,,
6/18/12,1342.420044,1348.219971,1334.459961,1344.780029,1344.780029,3259430000,0.001444746,0.001388051,,,
6/19/12,1344.829956,1363.459961,1344.829956,1357.97998,1357.97998,3815350000,0.009815695,0.009759,,,
6/20/12,1358.040039,1361.569946,1346.449951,1355.689941,1355.689941,3695700000,-0.001686357,-0.001743052,,,
6/21/12,1355.430054,1358.27002,1324.410034,1325.51001,1325.51001,4094470000,-0.022261677,-0.022318372,,,
6/22/12,1325.920044,1337.819946,1325.920044,1335.02002,1335.02002,5271490000,0.007174604,0.007117909,,,
6/25/12,1334.900024,1334.900024,1309.27002,1313.719971,1313.719971,3501820000,-0.015954854,-0.016011549,,,
6/26/12,1314.089966,1324.23999,1310.300049,1319.98999,1319.98999,3412940000,0.004772721,0.004716026,,,
6/27/12,1320.709961,1334.400024,1320.709961,1331.849976,1331.849976,3286910000,0.008984906,0.008928211,,,
6/28/12,1331.52002,1331.52002,1313.290039,1329.040039,1329.040039,3969370000,-0.0021098,-0.002166495,,,
6/29/12,1330.119995,1362.170044,1330.119995,1362.160034,1362.160034,4590480000,0.024920239,0.024863544,,,
7/2/12,1362.329956,1366.349976,1355.699951,1365.51001,1365.51001,3301650000,0.002459312,0.002402617,,,
7/3/12,1365.75,1374.810059,1363.530029,1374.02002,1374.02002,2116390000,0.006232111,0.006175416,,,
7/5/12,1373.719971,1373.849976,1363.02002,1367.579956,1367.579956,3041520000,-0.004687023,-0.004743718,,,
7/6/12,1367.089966,1367.089966,1348.030029,1354.680054,1354.680054,2745140000,-0.009432649,-0.009489344,,,
7/9/12,1354.660034,1354.869995,1346.650024,1352.459961,1352.459961,2904860000,-0.001638832,-0.001695527,,,
7/10/12,1352.959961,1361.540039,1336.27002,1341.469971,1341.469971,3470600000,-0.008125926,-0.008182621,,,
7/11/12,1341.400024,1345,1333.25,1341.449951,1341.449951,3426290000,-1.49E-05,-7.16E-05,,,
7/12/12,1341.290039,1341.290039,1325.410034,1334.76001,1334.76001,3654440000,-0.004987097,-0.005043792,,,
7/13/12,1334.810059,1357.699951,1334.810059,1356.780029,1356.780029,3212930000,0.016497362,0.016440667,,,
7/16/12,1356.5,1357.26001,1348.51001,1353.640015,1353.640015,2862720000,-0.002314313,-0.002371008,,,
7/17/12,1353.680054,1365.359985,1345.069946,1363.670044,1363.670044,3566680000,0.007409672,0.007352977,,,
7/18/12,1363.579956,1375.26001,1358.959961,1372.780029,1372.780029,3642630000,0.006680491,0.006623796,,,
7/19/12,1373.01001,1380.390015,1371.209961,1376.51001,1376.51001,4043360000,0.0027171,0.002660405,,,
7/20/12,1376.51001,1376.51001,1362.189941,1362.660034,1362.660034,3925020000,-0.01006166,-0.010118355,,,
7/23/12,1362.339966,1362.339966,1337.560059,1350.52002,1350.52002,3717180000,-0.008909056,-0.008965751,,,
7/24/12,1350.52002,1351.530029,1329.23999,1338.310059,1338.310059,3891290000,-0.009040933,-0.009097628,,,
7/25/12,1338.349976,1343.97998,1331.5,1337.890015,1337.890015,3719170000,-0.000313861,-0.000370556,,,
7/26/12,1338.170044,1363.130005,1338.170044,1360.02002,1360.02002,4429300000,0.016540975,0.01648428,,,
7/27/12,1360.050049,1389.189941,1360.050049,1385.969971,1385.969971,4399010000,0.019080565,0.01902387,,,
7/30/12,1385.939941,1391.73999,1381.369995,1385.300049,1385.300049,3212060000,-0.00048336,-0.000540055,,,
7/31/12,1385.27002,1387.160034,1379.170044,1379.319946,1379.319946,3821570000,-0.004316829,-0.004373524,,,
8/1/12,1379.319946,1385.030029,1373.349976,1375.319946,1375.319946,4440920000,-0.00289998,-0.002956675,,,
8/2/12,1375.130005,1375.130005,1354.650024,1365,1365,4193740000,-0.007503669,-0.007560364,,,
8/3/12,1365.449951,1394.160034,1365.449951,1390.98999,1390.98999,3751170000,0.019040286,0.018983591,,,
8/6/12,1391.040039,1399.630005,1391.040039,1394.22998,1394.22998,3122050000,0.002329269,0.002272574,,,
8/7/12,1394.459961,1407.140015,1394.459961,1401.349976,1401.349976,3682490000,0.005106759,0.005050064,,,
8/8/12,1401.22998,1404.140015,1396.130005,1402.219971,1402.219971,3221790000,0.000620826,0.000564131,,,
8/9/12,1402.26001,1405.949951,1398.800049,1402.800049,1402.800049,3119610000,0.000413685,0.00035699,,,
8/10/12,1402.579956,1405.97998,1395.619995,1405.869995,1405.869995,2767980000,0.002188442,0.002131747,,,
8/13/12,1405.869995,1405.869995,1397.319946,1404.109985,1404.109985,2499990000,-0.001251901,-0.001308596,,,
8/14/12,1404.359985,1410.030029,1400.599976,1403.930054,1403.930054,2930900000,-0.000128146,-0.000184841,,,
8/15/12,1403.890015,1407.72998,1401.829956,1405.530029,1405.530029,2655750000,0.00113964,0.001082945,,,
8/16/12,1405.569946,1417.439941,1404.150024,1415.51001,1415.51001,3114100000,0.007100511,0.007043816,,,
8/17/12,1415.839966,1418.709961,1414.670044,1418.160034,1418.160034,2922990000,0.001872134,0.001815439,,,
,,,,,,,,,,,
8/20/12,1417.849976,1418.130005,1412.119995,1418.130005,1418.130005,2766320000,-2.12E-05,-7.79E-05,,,
8/21/12,1418.130005,1426.680054,1410.859985,1413.170044,1413.170044,3282950000,-0.003497536,-3.55E-03,,,
8/22/12,1413.089966,1416.119995,1406.780029,1413.48999,1413.48999,3062690000,0.000226403,1.70E-04,,,
8/23/12,1413.48999,1413.48999,1400.5,1402.079956,1402.079956,3008240000,-0.008072243,-8.13E-03,,,
8/24/12,1401.98999,1413.459961,1398.040039,1411.130005,1411.130005,2598790000,0.006454731,6.40E-03,,,
8/27/12,1411.130005,1416.170044,1409.109985,1410.439941,1410.439941,2472500000,-0.000489015,-5.46E-04,,,
8/28/12,1410.439941,1413.630005,1405.589966,1409.300049,1409.300049,2629090000,-0.000808182,-8.65E-04,,,
8/29/12,1409.319946,1413.949951,1406.569946,1410.48999,1410.48999,2571220000,0.000844349,7.88E-04,,,
8/30/12,1410.079956,1410.079956,1397.01001,1399.47998,1399.47998,2530280000,-0.007805805,-7.86E-03,,,
8/31/12,1400.069946,1413.089966,1398.959961,1406.579956,1406.579956,2938250000,0.005073296,5.02E-03,,,
9/4/12,1406.540039,1409.310059,1396.560059,1404.939941,1404.939941,3200310000,-0.001165959,-1.22E-03,,,
9/5/12,1404.939941,1408.810059,1401.25,1403.439941,1403.439941,3389110000,-0.001067661,-1.12E-03,,,
9/6/12,1403.73999,1432.119995,1403.73999,1432.119995,1432.119995,3952870000,0.020435541,2.04E-02,,,
9/7/12,1432.119995,1437.920044,1431.449951,1437.920044,1437.920044,3717620000,0.004049974,3.99E-03,,,
9/10/12,1437.920044,1438.73999,1428.97998,1429.079956,1429.079956,3223670000,-0.00614783,-6.20E-03,,,
9/11/12,1429.130005,1437.76001,1429.130005,1433.560059,1433.560059,3509630000,0.003134956,3.08E-03,,,
9/12/12,1433.560059,1439.150024,1432.98999,1436.560059,1436.560059,3641200000,0.002092692,2.04E-03,,,
9/13/12,1436.560059,1463.76001,1435.339966,1459.98999,1459.98999,4606550000,0.016309747,1.63E-02,,,
9/14/12,1460.069946,1474.51001,1460.069946,1465.77002,1465.77002,5041990000,0.003958952,3.90E-03,,,
9/17/12,1465.420044,1465.630005,1457.550049,1461.189941,1461.189941,3482430000,-0.003124691,-3.18E-03,,,
9/18/12,1461.189941,1461.469971,1456.130005,1459.319946,1459.319946,3377390000,-0.001279775,-1.34E-03,,,
9/19/12,1459.5,1465.150024,1457.880005,1461.050049,1461.050049,3451360000,0.001185554,1.13E-03,,,
9/20/12,1461.050049,1461.22998,1449.97998,1460.26001,1460.26001,3382520000,-0.000540734,-5.97E-04,,,
9/21/12,1460.339966,1467.069946,1459.51001,1460.150024,1460.150024,4833870000,-7.53E-05,-1.32E-04,,,
9/24/12,1459.76001,1460.719971,1452.060059,1456.890015,1456.890015,3008920000,-0.002232653,-2.29E-03,,,
9/25/12,1456.939941,1463.23999,1441.589966,1441.589966,1441.589966,3739900000,-0.010501856,-1.06E-02,,,
9/26/12,1441.599976,1441.599976,1430.530029,1433.319946,1433.319946,3565380000,-0.005736735,-5.79E-03,,,
9/27/12,1433.359985,1450.199951,1433.359985,1447.150024,1447.150024,3150330000,0.009648982,9.59E-03,,,
9/28/12,1447.130005,1447.130005,1435.599976,1440.670044,1440.670044,3509230000,-0.004477753,-4.53E-03,,,
10/1/12,1440.900024,1457.140015,1440.900024,1444.48999,1444.48999,3505080000,0.002651507,2.59E-03,,,
10/2/12,1444.98999,1451.52002,1439.01001,1445.75,1445.75,3321790000,0.000872287,8.16E-04,,,
10/3/12,1446.050049,1454.300049,1441.98999,1450.98999,1450.98999,3531640000,0.003624409,3.57E-03,,,
10/4/12,1451.079956,1463.140015,1451.079956,1461.400024,1461.400024,3615860000,0.007174435,7.12E-03,,,
10/5/12,1461.400024,1470.959961,1456.890015,1460.930054,1460.930054,3172940000,-0.000321589,-3.78E-04,,,
10/8/12,1460.930054,1460.930054,1453.099976,1455.880005,1455.880005,2328720000,-0.003456736,-3.51E-03,,,
10/9/12,1455.900024,1455.900024,1441.180054,1441.47998,1441.47998,3216320000,-0.009890942,-9.95E-03,,,
10/10/12,1441.47998,1442.52002,1430.640015,1432.560059,1432.560059,3225060000,-0.00618803,-6.24E-03,,,
10/11/12,1432.819946,1443.900024,1432.819946,1432.839966,1432.839966,3672540000,0.000195389,1.39E-04,,,
10/12/12,1432.839966,1438.430054,1425.530029,1428.589966,1428.589966,3134750000,-0.002966137,-3.02E-03,,,
10/15/12,1428.75,1441.310059,1427.23999,1440.130005,1440.130005,3483810000,0.008077922,8.02E-03,,,
10/16/12,1440.310059,1455.51001,1440.310059,1454.920044,1454.920044,3568770000,0.010269933,1.02E-02,,,
10/17/12,1454.219971,1462.199951,1453.349976,1460.910034,1460.910034,3655320000,0.004117058,4.06E-03,,,
10/18/12,1460.939941,1464.02002,1452.630005,1457.339966,1457.339966,3880030000,-0.002443729,-2.50E-03,,,
10/19/12,1457.339966,1457.339966,1429.849976,1433.189941,1433.189941,3875170000,-0.016571305,-1.66E-02,,,
10/22/12,1433.209961,1435.459961,1422.060059,1433.819946,1433.819946,3216220000,0.000439582,3.83E-04,,,
10/23/12,1433.73999,1433.73999,1407.560059,1413.109985,1413.109985,3587670000,-0.014443906,-1.45E-02,,,
10/24/12,1413.199951,1420.040039,1407.099976,1408.75,1408.75,3385970000,-0.003085383,-3.14E-03,,,
10/25/12,1409.73999,1421.119995,1405.140015,1412.969971,1412.969971,3512640000,0.002995543,2.94E-03,,,
10/26/12,1412.969971,1417.089966,1403.280029,1411.939941,1411.939941,3284910000,-0.000728982,-7.86E-04,,,
10/31/12,1410.98999,1418.76001,1405.949951,1412.160034,1412.160034,3577110000,0.00015588,9.92E-05,,,
11/1/12,1412.199951,1428.349976,1412.199951,1427.589966,1427.589966,3929890000,0.010926475,1.09E-02,,,
11/2/12,1427.589966,1434.27002,1412.910034,1414.199951,1414.199951,3732480000,-0.009379454,-9.44E-03,,,
11/5/12,1414.02002,1419.900024,1408.130005,1417.26001,1417.26001,2921040000,0.002163809,2.11E-03,,,
11/6/12,1417.26001,1433.380005,1417.26001,1428.390015,1428.390015,3306970000,0.007853185,7.80E-03,,,
11/7/12,1428.27002,1428.27002,1388.140015,1394.530029,1394.530029,4356490000,-0.023705,-2.38E-02,,,
11/8/12,1394.530029,1401.22998,1377.51001,1377.51001,1377.51001,3779520000,-0.012204842,-1.23E-02,,,
11/9/12,1377.550049,1391.390015,1373.030029,1379.849976,1379.849976,3647350000,0.001698693,1.64E-03,,,
11/12/12,1379.859985,1384.869995,1377.189941,1380.030029,1380.030029,2567540000,0.000130487,7.38E-05,,,
11/13/12,1380.030029,1388.810059,1371.390015,1374.530029,1374.530029,3455550000,-0.003985421,-4.04E-03,,,
11/14/12,1374.640015,1380.130005,1352.5,1355.48999,1355.48999,4109510000,-0.013852036,-1.39E-02,,,
11/15/12,1355.410034,1360.619995,1348.050049,1353.329956,1353.329956,3928870000,-0.001593545,-1.65E-03,,,
11/16/12,1353.359985,1362.030029,1343.349976,1359.880005,1359.880005,4045910000,0.00483995,4.78E-03,,,
11/19/12,1359.880005,1386.890015,1359.880005,1386.890015,1386.890015,3374800000,0.019862054,1.98E-02,,,
11/20/12,1386.819946,1389.77002,1377.040039,1387.810059,1387.810059,3207160000,0.000663386,6.07E-04,,,
11/21/12,1387.790039,1391.25,1386.390015,1391.030029,1391.030029,2667090000,0.002320181,2.26E-03,,,
11/23/12,1391.030029,1409.160034,1391.030029,1409.150024,1409.150024,1504960000,0.013026315,1.30E-02,,,
11/26/12,1409.150024,1409.150024,1397.680054,1406.290039,1406.290039,2948960000,-0.002029582,-2.09E-03,,,
11/27/12,1406.290039,1409.01001,1398.030029,1398.939941,1398.939941,3323120000,-0.005226588,-5.28E-03,,,
11/28/12,1398.77002,1410.310059,1385.430054,1409.930054,1409.930054,3359250000,0.007856029,7.80E-03,,,
11/29/12,1409.959961,1419.699951,1409.040039,1415.949951,1415.949951,3356850000,0.004269642,4.21E-03,,,
11/30/12,1415.949951,1418.859985,1411.630005,1416.180054,1416.180054,3966000000,0.000162508,1.06E-04,,,
12/3/12,1416.339966,1423.72998,1408.459961,1409.459961,1409.459961,3074280000,-0.004745225,-4.80E-03,,,
12/4/12,1409.459961,1413.140015,1403.650024,1407.050049,1407.050049,3247710000,-0.001709812,-1.77E-03,,,
12/5/12,1407.050049,1415.560059,1398.22998,1409.280029,1409.280029,4253920000,0.001584862,1.53E-03,,,
12/6/12,1409.430054,1413.949951,1405.930054,1413.939941,1413.939941,3229700000,0.003306591,3.25E-03,,,
12/7/12,1413.949951,1420.339966,1410.900024,1418.069946,1418.069946,3125160000,0.00292092,2.86E-03,,,
12/10/12,1418.069946,1421.640015,1415.640015,1418.550049,1418.550049,2999430000,0.000338561,2.82E-04,,,
12/11/12,1418.550049,1434.27002,1418.550049,1427.839966,1427.839966,3650230000,0.006548882,6.49E-03,,,
12/12/12,1427.839966,1438.589966,1426.76001,1428.47998,1428.47998,3709050000,0.000448239,3.92E-04,,,
12/13/12,1428.47998,1431.359985,1416,1419.449951,1419.449951,3349960000,-0.006321425,-6.38E-03,,,
12/14/12,1419.449951,1419.449951,1411.880005,1413.579956,1413.579956,3210170000,-0.004135401,-4.19E-03,,,
12/17/12,1413.540039,1430.670044,1413.540039,1430.359985,1430.359985,3455610000,0.011870591,1.18E-02,,,
12/18/12,1430.469971,1448,1430.469971,1446.790039,1446.790039,4302240000,0.011486657,1.14E-02,,,
12/19/12,1446.790039,1447.75,1435.800049,1435.810059,1435.810059,3869800000,-0.007589201,-7.65E-03,,,
12/20/12,1435.810059,1443.699951,1432.819946,1443.689941,1443.689941,3686580000,0.005488109,5.43E-03,,,
12/21/12,1443.670044,1443.670044,1422.579956,1430.150024,1430.150024,5229160000,-0.009378688,-9.44E-03,,,
12/24/12,1430.150024,1430.150024,1424.660034,1426.660034,1426.660034,1248960000,-0.002440296,-2.50E-03,,,
12/26/12,1426.660034,1429.420044,1416.430054,1419.829956,1419.829956,2285030000,-0.00478746,-4.84E-03,,,
12/27/12,1419.829956,1422.800049,1401.800049,1418.099976,1418.099976,2830180000,-0.001218442,-1.28E-03,,,
12/28/12,1418.099976,1418.099976,1401.579956,1402.430054,1402.430054,2426680000,-0.011049942,-1.11E-02,,,
12/31/12,1402.430054,1426.73999,1398.109985,1426.189941,1426.189941,3204330000,0.016941941,1.69E-02,,,
1/2/13,1426.189941,1462.430054,1426.189941,1462.420044,1462.420044,4202600000,0.025403421,2.53E-02,,,
1/3/13,1462.420044,1465.469971,1455.530029,1459.369995,1459.369995,3829730000,-0.002085618,-2.14E-03,,,
1/4/13,1459.369995,1467.939941,1458.98999,1466.469971,1466.469971,3424290000,0.004865097,4.81E-03,,,
1/7/13,1466.469971,1466.469971,1456.619995,1461.890015,1461.890015,3304970000,-0.003123116,-3.18E-03,,,
1/8/13,1461.890015,1461.890015,1451.640015,1457.150024,1457.150024,3601600000,-0.003242372,-3.30E-03,,,
1/9/13,1457.150024,1464.72998,1457.150024,1461.02002,1461.02002,3674390000,0.002655867,2.60E-03,,,
1/10/13,1461.02002,1472.300049,1461.02002,1472.119995,1472.119995,4081840000,0.007597415,7.54E-03,,,
1/11/13,1472.119995,1472.75,1467.579956,1472.050049,1472.050049,3340650000,-4.75E-05,-1.04E-04,,,
1/14/13,1472.050049,1472.050049,1465.689941,1470.680054,1470.680054,3003010000,-0.000930671,-9.87E-04,,,
1/15/13,1470.670044,1473.310059,1463.76001,1472.339966,1472.339966,3135350000,0.00112867,1.07E-03,,,
1/16/13,1472.329956,1473.959961,1467.599976,1472.630005,1472.630005,3384080000,0.000196992,1.40E-04,,,
1/17/13,1472.630005,1485.160034,1472.630005,1480.939941,1480.939941,3706710000,0.005642922,5.59E-03,,,
1/18/13,1480.949951,1485.97998,1475.810059,1485.97998,1485.97998,3795740000,0.00340327,3.35E-03,,,
1/22/13,1485.97998,1492.560059,1481.160034,1492.560059,1492.560059,3570950000,0.004428107,4.37E-03,,,
1/23/13,1492.560059,1496.130005,1489.900024,1494.810059,1494.810059,3552010000,0.001507477,1.45E-03,,,
1/24/13,1494.810059,1502.27002,1489.459961,1494.819946,1494.819946,3699430000,6.61E-06,-5.01E-05,,,
1/25/13,1494.819946,1503.26001,1494.819946,1502.959961,1502.959961,3476290000,0.005445482,5.39E-03,,,
1/28/13,1502.959961,1503.22998,1496.329956,1500.180054,1500.180054,3388540000,-0.001849621,-1.91E-03,,,
1/29/13,1500.180054,1509.349976,1498.089966,1507.839966,1507.839966,3949640000,0.005105995,5.05E-03,,,
1/30/13,1507.839966,1509.939941,1500.109985,1501.959961,1501.959961,3726810000,-0.003899621,-3.96E-03,,,
1/31/13,1501.959961,1504.189941,1496.76001,1498.109985,1498.109985,3999880000,-0.002563301,-2.62E-03,,,
2/1/13,1498.109985,1514.410034,1498.109985,1513.170044,1513.170044,3836320000,0.010052706,1.00E-02,,,
2/4/13,1513.170044,1513.170044,1495.02002,1495.709961,1495.709961,3390000000,-0.011538745,-1.16E-02,,,
2/5/13,1495.709961,1514.959961,1495.709961,1511.290039,1511.290039,3618360000,0.01041651,1.04E-02,,,
2/6/13,1511.290039,1512.530029,1504.709961,1512.119995,1512.119995,3611570000,0.000549171,4.92E-04,,,
2/7/13,1512.119995,1512.900024,1498.48999,1509.390015,1509.390015,3614580000,-0.001805399,-1.86E-03,,,
2/8/13,1509.390015,1518.310059,1509.390015,1517.930054,1517.930054,2986150000,0.005657941,5.60E-03,,,
2/11/13,1517.930054,1518.310059,1513.609985,1517.01001,1517.01001,2684100000,-0.000606118,-6.63E-04,,,
2/12/13,1517.01001,1522.290039,1515.609985,1519.430054,1519.430054,3414370000,0.001595272,1.54E-03,,,
2/13/13,1519.430054,1524.689941,1515.930054,1520.329956,1520.329956,3385880000,0.000592263,5.36E-04,,,
2/14/13,1520.329956,1523.140015,1514.02002,1521.380005,1521.380005,3759740000,0.000690672,6.34E-04,,,
2/15/13,1521.380005,1524.23999,1514.140015,1519.790039,1519.790039,3838510000,-0.001045081,-1.10E-03,,,
,,,,,,,,,,,
2/19/13,1519.790039,1530.939941,1519.790039,1530.939941,1530.939941,3748910000,0.007336475,0.007304978,,,
2/20/13,1530.939941,1530.939941,1511.410034,1511.949951,1511.949951,4240570000,-0.012404138,-0.012435635,,,
2/21/13,1511.949951,1511.949951,1497.290039,1502.420044,1502.420044,4274600000,-0.006303057,-0.006334554,,,
2/22/13,1502.420044,1515.640015,1502.420044,1515.599976,1515.599976,3419320000,0.008772468,0.008740971,,,
2/25/13,1515.599976,1525.839966,1487.849976,1487.849976,1487.849976,4011050000,-0.018309581,-0.018341078,,,
2/26/13,1487.849976,1498.98999,1485.01001,1496.939941,1496.939941,3975280000,0.006109463,0.006077966,,,
2/27/13,1496.939941,1520.079956,1494.880005,1515.98999,1515.98999,3551850000,0.012725994,0.012694497,,,
2/28/13,1515.98999,1525.339966,1514.459961,1514.680054,1514.680054,3912320000,-0.00086408,-0.000895577,,,
3/1/13,1514.680054,1519.98999,1501.47998,1518.199951,1518.199951,3695610000,0.002323855,0.002292358,,,
3/4/13,1518.199951,1525.27002,1512.290039,1525.199951,1525.199951,3414430000,0.004610723,0.004579226,,,
3/5/13,1525.199951,1543.469971,1525.199951,1539.790039,1539.790039,3610690000,0.009566017,0.00953452,,,
3/6/13,1539.790039,1545.25,1538.109985,1541.459961,1541.459961,3676890000,0.001084513,0.001053016,,,
3/7/13,1541.459961,1545.780029,1541.459961,1544.26001,1544.26001,3634710000,0.001816492,0.001784995,,,
3/8/13,1544.26001,1552.47998,1542.939941,1551.180054,1551.180054,3652260000,0.004481139,0.004449642,,,
3/11/13,1551.150024,1556.27002,1547.359985,1556.219971,1556.219971,3091080000,0.003249086,0.003217589,,,
3/12/13,1556.219971,1556.77002,1548.23999,1552.47998,1552.47998,3274910000,-0.002403253,-0.00243475,,,
3/13/13,1552.47998,1556.390015,1548.25,1554.52002,1554.52002,3073830000,0.001314052,0.001282555,,,
3/14/13,1554.52002,1563.319946,1554.52002,1563.22998,1563.22998,3459260000,0.00560299,0.005571493,,,
3/15/13,1563.209961,1563.619995,1555.73999,1560.699951,1560.699951,5175850000,-0.001618462,-0.001649959,,,
3/18/13,1560.699951,1560.699951,1545.130005,1552.099976,1552.099976,3164560000,-0.005510332,-0.005541829,,,
3/19/13,1552.099976,1557.25,1538.569946,1548.339966,1548.339966,3796210000,-0.002422531,-0.002454028,,,
3/20/13,1548.339966,1561.560059,1548.339966,1558.709961,1558.709961,3349090000,0.006697492,0.006665995,,,
3/21/13,1558.709961,1558.709961,1543.550049,1545.800049,1545.800049,3243270000,-0.008282434,-0.008313931,,,
3/22/13,1545.900024,1557.73999,1545.900024,1556.890015,1556.890015,2948380000,0.007174256,0.007142759,,,
3/25/13,1556.890015,1564.910034,1546.219971,1551.689941,1551.689941,3178170000,-0.003340039,-0.003371536,,,
3/26/13,1551.689941,1563.949951,1551.689941,1563.77002,1563.77002,2869260000,0.007785111,0.007753614,,,
3/27/13,1563.75,1564.069946,1551.900024,1562.849976,1562.849976,2914210000,-0.00058835,-0.000619847,,,
3/28/13,1562.859985,1570.280029,1561.079956,1569.189941,1569.189941,3304440000,0.004056669,0.004025172,,,
4/1/13,1569.180054,1570.569946,1558.469971,1562.170044,1562.170044,2753110000,-0.00447358,-0.004505077,,,
4/2/13,1562.170044,1573.660034,1562.170044,1570.25,1570.25,3312160000,0.005172264,0.005140767,,,
4/3/13,1570.25,1571.469971,1549.800049,1553.689941,1553.689941,4060610000,-0.010546129,-0.010577626,,,
4/4/13,1553.689941,1562.599976,1552.52002,1559.97998,1559.97998,3350670000,0.004048452,0.004016955,,,
4/5/13,1559.97998,1559.97998,1539.5,1553.280029,1553.280029,3515410000,-0.004294896,-0.004326393,,,
4/8/13,1553.26001,1563.069946,1548.630005,1563.069946,1563.069946,2887120000,0.006302738,0.006271241,,,
4/9/13,1563.109985,1573.890015,1560.920044,1568.609985,1568.609985,3252780000,0.003544332,0.003512835,,,
4/10/13,1568.609985,1589.069946,1568.609985,1587.72998,1587.72998,3453350000,0.012189133,0.012157636,,,
4/11/13,1587.72998,1597.349976,1586.170044,1593.369995,1593.369995,3393950000,0.003552251,0.003520754,,,
4/12/13,1593.300049,1593.300049,1579.969971,1588.849976,1588.849976,3206290000,-0.002836767,-0.002868264,,,
4/15/13,1588.839966,1588.839966,1552.280029,1552.359985,1552.359985,4660130000,-0.022966291,-0.022997788,,,
4/16/13,1552.359985,1575.349976,1552.359985,1574.569946,1574.569946,3654700000,0.014307223,0.014275726,,,
4/17/13,1574.569946,1574.569946,1543.689941,1552.01001,1552.01001,4250310000,-0.014327681,-0.014359178,,,
4/18/13,1552.030029,1554.380005,1536.030029,1541.609985,1541.609985,3890800000,-0.006701004,-0.006732501,,,
4/19/13,1541.609985,1555.890015,1539.400024,1555.25,1555.25,3569870000,0.008847903,0.008816406,,,
4/22/13,1555.25,1565.550049,1548.189941,1562.5,1562.5,2979880000,0.00466163,0.004630133,,,
4/23/13,1562.5,1579.579956,1562.5,1578.780029,1578.780029,3565150000,0.010419219,0.010387722,,,
4/24/13,1578.780029,1583,1575.800049,1578.790039,1578.790039,3598240000,6.34E-06,-2.52E-05,,,
4/25/13,1578.930054,1592.640015,1578.930054,1585.160034,1585.160034,3908580000,0.004034732,0.004003235,,,
4/26/13,1585.160034,1585.780029,1577.560059,1582.23999,1582.23999,3198620000,-0.001842113,-0.00187361,,,
4/29/13,1582.339966,1596.650024,1582.339966,1593.609985,1593.609985,2891200000,0.007186012,0.007154515,,,
4/30/13,1593.579956,1597.569946,1586.5,1597.569946,1597.569946,3745070000,0.0024849,0.002453403,,,
5/1/13,1597.550049,1597.550049,1581.280029,1582.699951,1582.699951,3530320000,-0.009307884,-0.009339381,,,
5/2/13,1582.77002,1598.599976,1582.77002,1597.589966,1597.589966,3366950000,0.009407983,0.009376486,,,
5/3/13,1597.599976,1618.459961,1597.599976,1614.420044,1614.420044,3603910000,0.010534667,0.01050317,,,
5/6/13,1614.400024,1619.77002,1614.209961,1617.5,1617.5,3062240000,0.001907779,0.001876282,,,
5/7/13,1617.550049,1626.030029,1616.640015,1625.959961,1625.959961,3309580000,0.00523027,0.005198773,,,
5/8/13,1625.949951,1632.780029,1622.699951,1632.689941,1632.689941,3554700000,0.004139081,0.004107584,,,
5/9/13,1632.689941,1635.01001,1623.089966,1626.670044,1626.670044,3457400000,-0.003687104,-0.003718601,,,
5/10/13,1626.689941,1633.699951,1623.709961,1633.699951,1633.699951,3086470000,0.004321655,0.004290158,,,
5/13/13,1632.099976,1636,1626.73999,1633.77002,1633.77002,2910600000,4.29E-05,1.14E-05,,,
5/14/13,1633.75,1651.099976,1633.75,1650.339966,1650.339966,3457790000,0.010142153,0.010110656,,,
5/15/13,1649.130005,1661.48999,1646.680054,1658.780029,1658.780029,3657440000,0.005114136,0.005082639,,,
5/16/13,1658.069946,1660.51001,1648.599976,1650.469971,1650.469971,3513130000,-0.005009741,-0.005041238,,,
5/17/13,1652.449951,1667.469971,1652.449951,1667.469971,1667.469971,3440710000,0.010300097,0.0102686,,,
5/20/13,1665.709961,1672.839966,1663.52002,1666.290039,1666.290039,3275080000,-0.000707618,-0.000739115,,,
5/21/13,1666.199951,1674.930054,1662.670044,1669.160034,1669.160034,3513560000,0.001722386,0.001690889,,,
5/22/13,1669.390015,1687.180054,1648.859985,1655.349976,1655.349976,4361020000,-0.008273657,-0.008305154,,,
5/23/13,1651.619995,1655.5,1635.530029,1650.51001,1650.51001,3945510000,-0.002923832,-0.002955329,,,
5/24/13,1646.670044,1649.780029,1636.880005,1649.599976,1649.599976,2758080000,-0.000551365,-0.000582862,,,
5/28/13,1652.630005,1674.209961,1652.630005,1660.060059,1660.060059,3457400000,0.006340982,0.006309485,,,
5/29/13,1656.569946,1656.569946,1640.050049,1648.359985,1648.359985,3587140000,-0.007047982,-0.007079479,,,
5/30/13,1649.140015,1661.910034,1648.609985,1654.410034,1654.410034,3498620000,0.003670344,0.003638847,,,
5/31/13,1652.130005,1658.98999,1630.73999,1630.73999,1630.73999,4099600000,-0.014307242,-0.014338739,,,
6/3/13,1631.709961,1640.420044,1622.719971,1640.420044,1640.420044,3952070000,0.005935989,0.005904492,,,
6/4/13,1640.72998,1646.530029,1623.619995,1631.380005,1631.380005,3653840000,-0.005510807,-0.005542304,,,
6/5/13,1629.050049,1629.310059,1607.089966,1608.900024,1608.900024,3632350000,-0.013779733,-0.01381123,,,
6/6/13,1609.290039,1622.560059,1598.22998,1622.560059,1622.560059,3547380000,0.008490294,0.008458797,,,
6/7/13,1625.27002,1644.400024,1625.27002,1643.380005,1643.380005,3371990000,0.012831541,0.012800044,,,
6/10/13,1644.670044,1648.689941,1639.26001,1642.810059,1642.810059,2978730000,-0.000346813,-0.00037831,,,
6/11/13,1638.640015,1640.130005,1622.920044,1626.130005,1626.130005,3435710000,-0.010153367,-0.010184864,,,
6/12/13,1629.939941,1637.709961,1610.920044,1612.52002,1612.52002,3202550000,-0.008369555,-0.008401052,,,
6/13/13,1612.150024,1639.25,1608.069946,1636.359985,1636.359985,3378620000,0.014784291,0.014752794,,,
6/14/13,1635.52002,1640.800049,1623.959961,1626.72998,1626.72998,2939400000,-0.005885016,-0.005916513,,,
6/17/13,1630.640015,1646.5,1630.339966,1639.040039,1639.040039,3137080000,0.007567365,0.007535868,,,
6/18/13,1639.77002,1654.189941,1639.77002,1651.810059,1651.810059,3120980000,0.007791158,0.007759661,,,
6/19/13,1651.829956,1652.449951,1628.910034,1628.930054,1628.930054,3545060000,-0.013851475,-0.013882972,,,
6/20/13,1624.619995,1624.619995,1584.319946,1588.189941,1588.189941,4858850000,-0.025010351,-0.025041848,,,
6/21/13,1588.619995,1599.189941,1577.699951,1592.430054,1592.430054,5797280000,0.002669777,0.00263828,,,
6/24/13,1588.77002,1588.77002,1560.329956,1573.089966,1573.089966,4733660000,-0.012145016,-0.012176513,,,
6/25/13,1577.52002,1593.790039,1577.089966,1588.030029,1588.030029,3761170000,0.009497272,0.009465775,,,
6/26/13,1592.27002,1606.829956,1592.27002,1603.26001,1603.26001,3558340000,0.009590487,0.00955899,,,
6/27/13,1606.439941,1620.069946,1606.439941,1613.199951,1613.199951,3364540000,0.006199831,0.006168334,,,
6/28/13,1611.119995,1615.939941,1601.060059,1606.280029,1606.280029,4977190000,-0.004289562,-0.004321059,,,
7/1/13,1609.780029,1626.609985,1609.780029,1614.959961,1614.959961,3104690000,0.005403748,0.005372251,,,
7/2/13,1614.290039,1624.26001,1606.77002,1614.079956,1614.079956,3317130000,-0.000544908,-0.000576405,,,
7/3/13,1611.47998,1618.969971,1604.569946,1615.410034,1615.410034,1966050000,0.000824047,0.00079255,,,
7/5/13,1618.650024,1632.069946,1614.709961,1631.890015,1631.890015,2634140000,0.010201732,0.010170235,,,
7/8/13,1634.199951,1644.680054,1634.199951,1640.459961,1640.459961,3514590000,0.005251546,0.005220049,,,
7/9/13,1642.890015,1654.180054,1642.890015,1652.319946,1652.319946,3155360000,0.007229671,0.007198174,,,
7/10/13,1651.560059,1657.920044,1647.660034,1652.619995,1652.619995,3011010000,0.000181593,0.000150096,,,
7/11/13,1657.410034,1676.630005,1657.410034,1675.02002,1675.02002,3446340000,0.01355425,0.013522753,,,
7/12/13,1675.26001,1680.189941,1672.329956,1680.189941,1680.189941,3039070000,0.003086483,0.003054986,,,
7/15/13,1679.589966,1684.51001,1677.890015,1682.5,1682.5,2623200000,0.00137488,0.001343383,,,
7/16/13,1682.699951,1683.72998,1671.839966,1676.26001,1676.26001,3081710000,-0.003708761,-0.003740258,,,
7/17/13,1677.910034,1684.75,1677.910034,1680.910034,1680.910034,3153440000,0.002774047,0.00274255,,,
7/18/13,1681.050049,1693.119995,1681.050049,1689.369995,1689.369995,3452370000,0.005032965,0.005001468,,,
7/19/13,1686.150024,1692.089966,1684.079956,1692.089966,1692.089966,3302580000,0.00161005,0.001578553,,,
7/22/13,1694.410034,1697.609985,1690.670044,1695.530029,1695.530029,2779130000,0.002033026,0.002001529,,,
7/23/13,1696.630005,1698.780029,1691.130005,1692.390015,1692.390015,3096180000,-0.001851937,-0.001883434,,,
7/24/13,1696.060059,1698.380005,1682.569946,1685.939941,1685.939941,3336120000,-0.003811222,-0.003842719,,,
7/25/13,1685.209961,1690.939941,1680.069946,1690.25,1690.25,3322500000,0.002556472,0.002524975,,,
7/26/13,1687.310059,1691.849976,1676.030029,1691.650024,1691.650024,2762770000,0.000828294,0.000796797,,,
7/29/13,1690.319946,1690.920044,1681.859985,1685.329956,1685.329956,2840520000,-0.003736038,-0.003767535,,,
7/30/13,1687.920044,1693.189941,1682.420044,1685.959961,1685.959961,3320530000,0.000373817,0.00034232,,,
7/31/13,1687.76001,1698.430054,1684.939941,1685.72998,1685.72998,3847390000,-0.00013641,-0.000167907,,,
8/1/13,1689.420044,1707.849976,1689.420044,1706.869995,1706.869995,3775170000,0.01254057,0.012509073,,,
8/2/13,1706.099976,1709.670044,1700.680054,1709.670044,1709.670044,3136630000,0.001640458,0.001608961,,,
8/5/13,1708.01001,1709.23999,1703.550049,1707.140015,1707.140015,2529300000,-0.001479835,-0.001511332,,,
8/6/13,1705.790039,1705.790039,1693.290039,1697.369995,1697.369995,3141210000,-0.005723034,-0.005754531,,,
8/7/13,1695.300049,1695.300049,1684.910034,1690.910034,1690.910034,3010230000,-0.003805865,-0.003837362,,,
8/8/13,1693.349976,1700.180054,1688.380005,1697.47998,1697.47998,3271660000,0.00388545,0.003853953,,,
8/9/13,1696.099976,1699.420044,1686.02002,1691.420044,1691.420044,2957670000,-0.00356996,-0.003601457,,,
8/12/13,1688.369995,1691.48999,1683.349976,1689.469971,1689.469971,2789160000,-0.001152921,-0.001184418,,,
8/13/13,1690.650024,1696.810059,1682.619995,1694.160034,1694.160034,3035560000,0.002776056,0.002744559,,,
8/14/13,1693.880005,1695.52002,1684.829956,1685.390015,1685.390015,2871430000,-0.005176618,-0.005208115,,,
8/15/13,1679.609985,1679.609985,1658.589966,1661.319946,1661.319946,3426690000,-0.014281602,-0.014313099,,,
8/16/13,1661.219971,1663.599976,1652.609985,1655.829956,1655.829956,3211450000,-0.003304595,-0.003336092,,,
,,,,,,,,,,,
8/19/13,1655.25,1659.180054,1645.839966,1646.060059,1646.060059,2904530000,-0.005900302,-0.005931799,,,
8/20/13,1646.810059,1658.920044,1646.079956,1652.349976,1652.349976,2994090000,0.003821195,0.003789698,,,
8/21/13,1650.660034,1656.98999,1639.430054,1642.800049,1642.800049,2932180000,-0.005779603,-0.0058111,,,
8/22/13,1645.030029,1659.550049,1645.030029,1656.959961,1656.959961,2537460000,0.008619376,0.008587879,,,
8/23/13,1659.920044,1664.849976,1654.810059,1663.5,1663.5,2582670000,0.003947011,0.003915514,,,
8/26/13,1664.290039,1669.51001,1656.02002,1656.780029,1656.780029,2430670000,-0.004039658,-0.004071155,,,
8/27/13,1652.540039,1652.540039,1629.050049,1630.47998,1630.47998,3219190000,-0.015874195,-0.015905692,,,
8/28/13,1630.25,1641.180054,1627.469971,1634.959961,1634.959961,2784010000,0.002747646,0.002716149,,,
8/29/13,1633.5,1646.410034,1630.880005,1638.170044,1638.170044,2527550000,0.001963402,0.001931905,,,
8/30/13,1638.890015,1640.079956,1628.050049,1632.969971,1632.969971,2734300000,-0.003174318,-0.003205815,,,
9/3/13,1635.949951,1651.349976,1633.410034,1639.77002,1639.77002,3731610000,0.004164222,0.004132725,,,
9/4/13,1640.719971,1655.719971,1637.410034,1653.079956,1653.079956,3312150000,0.008116953,0.008085456,,,
9/5/13,1653.280029,1659.170044,1653.069946,1655.079956,1655.079956,2957110000,0.001209863,0.001178366,,,
9/6/13,1657.439941,1664.829956,1640.619995,1655.170044,1655.170044,3123880000,5.44E-05,2.29E-05,,,
9/9/13,1656.849976,1672.400024,1656.849976,1671.709961,1671.709961,3102780000,0.009992881,0.009961384,,,
9/10/13,1675.109985,1684.089966,1675.109985,1683.98999,1683.98999,3691800000,0.007345789,0.007314292,,,
9/11/13,1681.040039,1689.130005,1678.699951,1689.130005,1689.130005,3135460000,0.003052284,0.003020787,,,
9/12/13,1689.209961,1689.969971,1681.959961,1683.420044,1683.420044,3106290000,-0.003380415,-0.003411912,,,
9/13/13,1685.040039,1688.72998,1682.219971,1687.98999,1687.98999,2736500000,0.00271468,0.002683183,,,
9/16/13,1691.699951,1704.949951,1691.699951,1697.599976,1697.599976,3079800000,0.005693153,0.005661656,,,
9/17/13,1697.72998,1705.52002,1697.72998,1704.76001,1704.76001,2774240000,0.004217739,0.004186242,,,
9/18/13,1705.73999,1729.439941,1700.349976,1725.52002,1725.52002,3989760000,0.012177673,0.012146176,,,
9/19/13,1727.339966,1729.859985,1720.199951,1722.339966,1722.339966,3740130000,-0.001842954,-0.001874451,,,
9/20/13,1722.439941,1725.22998,1708.890015,1709.910034,1709.910034,5074030000,-0.007216886,-0.007248383,,,
9/23/13,1711.439941,1711.439941,1697.099976,1701.839966,1701.839966,3126950000,-0.004719586,-0.004751083,,,
9/24/13,1702.599976,1707.630005,1694.900024,1697.420044,1697.420044,3268930000,-0.002597143,-0.00262864,,,
9/25/13,1698.02002,1701.709961,1691.880005,1692.77002,1692.77002,3148730000,-0.002739466,-0.002770963,,,
9/26/13,1694.050049,1703.849976,1693.109985,1698.670044,1698.670044,2813930000,0.003485426,0.003453929,,,
9/27/13,1695.52002,1695.52002,1687.109985,1691.75,1691.75,2951700000,-0.004073801,-0.004105298,,,
9/30/13,1687.26001,1687.26001,1674.98999,1681.550049,1681.550049,3308630000,-0.006029231,-0.006060728,,,
10/1/13,1682.410034,1696.550049,1682.069946,1695,1695,3238690000,0.007998543,0.007967046,,,
10/2/13,1691.900024,1693.869995,1680.339966,1693.869995,1693.869995,3148600000,-0.00066667,-0.000698167,,,
10/3/13,1692.349976,1692.349976,1670.359985,1678.660034,1678.660034,3279650000,-0.008979415,-0.009010912,,,
10/4/13,1678.790039,1691.939941,1677.329956,1690.5,1690.5,2880270000,0.007053224,0.007021727,,,
10/7/13,1687.150024,1687.150024,1674.699951,1676.119995,1676.119995,2678490000,-0.008506362,-0.008537859,,,
10/8/13,1676.219971,1676.790039,1655.030029,1655.449951,1655.449951,3569230000,-0.012332079,-0.012363576,,,
10/9/13,1656.98999,1662.469971,1646.469971,1656.400024,1656.400024,3577840000,0.000573906,0.000542409,,,
10/10/13,1660.880005,1692.560059,1660.880005,1692.560059,1692.560059,3362300000,0.021830497,0.021799,,,
10/11/13,1691.089966,1703.439941,1688.52002,1703.199951,1703.199951,2944670000,0.006286271,0.006254774,,,
10/14/13,1699.859985,1711.030029,1692.130005,1710.140015,1710.140015,2580580000,0.004074721,0.004043224,,,
10/15/13,1709.170044,1711.569946,1695.930054,1698.060059,1698.060059,3327740000,-0.007063723,-0.00709522,,,
10/16/13,1700.48999,1721.76001,1700.48999,1721.540039,1721.540039,3486180000,0.013827532,0.013796035,,,
10/17/13,1720.170044,1733.449951,1714.119995,1733.150024,1733.150024,3453590000,0.006743953,0.006712456,,,
10/18/13,1736.719971,1745.310059,1735.73999,1744.5,1744.5,3664890000,0.006548756,0.006517259,,,
10/21/13,1745.199951,1747.790039,1740.670044,1744.660034,1744.660034,3052710000,9.17E-05,6.02E-05,,,
10/22/13,1746.47998,1759.329956,1746.47998,1754.670044,1754.670044,3850840000,0.005737513,0.005706016,,,
10/23/13,1752.27002,1752.27002,1740.5,1746.380005,1746.380005,3713380000,-0.004724557,-0.004756054,,,
10/24/13,1747.47998,1753.939941,1745.5,1752.069946,1752.069946,3671700000,0.003258135,0.003226638,,,
10/25/13,1756.01001,1759.819946,1752.449951,1759.77002,1759.77002,3175720000,0.004394844,0.004363347,,,
10/28/13,1759.420044,1764.98999,1757.670044,1762.109985,1762.109985,3282300000,0.001329699,0.001298202,,,
10/29/13,1762.930054,1772.089966,1762.930054,1771.949951,1771.949951,3358460000,0.005584195,0.005552698,,,
10/30/13,1772.27002,1775.219971,1757.23999,1763.310059,1763.310059,3523040000,-0.004875923,-0.00490742,,,
10/31/13,1763.23999,1768.530029,1755.719971,1756.540039,1756.540039,3826530000,-0.003839381,-0.003870878,,,
11/1/13,1758.699951,1765.670044,1752.699951,1761.640015,1761.640015,3686290000,0.002903421,0.002871924,,,
11/4/13,1763.400024,1768.780029,1761.560059,1767.930054,1767.930054,3194870000,0.003570559,0.003539062,,,
11/5/13,1765.670044,1767.030029,1755.76001,1762.969971,1762.969971,3516680000,-0.002805588,-0.002837085,,,
11/6/13,1765,1773.73999,1764.400024,1770.48999,1770.48999,3322100000,0.00426554,0.004234043,,,
11/7/13,1770.73999,1774.540039,1746.199951,1747.150024,1747.150024,4143200000,-0.013182772,-0.013214269,,,
11/8/13,1748.369995,1770.780029,1747.630005,1770.609985,1770.609985,3837170000,0.01342756,0.013396063,,,
11/11/13,1769.959961,1773.439941,1767.849976,1771.890015,1771.890015,2534060000,0.000722932,0.000691435,,,
11/12/13,1769.51001,1771.780029,1762.290039,1767.689941,1767.689941,3221030000,-0.002370392,-0.002401889,,,
11/13/13,1764.369995,1782,1760.640015,1782,1782,3327480000,0.008095344,0.008063847,,,
11/14/13,1782.75,1791.530029,1780.219971,1790.619995,1790.619995,3139060000,0.004837259,0.004805762,,,
11/15/13,1790.660034,1798.219971,1790.660034,1798.180054,1798.180054,3254820000,0.004222034,0.004190537,,,
11/18/13,1798.819946,1802.329956,1788,1791.530029,1791.530029,3168520000,-0.003698198,-0.003729695,,,
11/19/13,1790.790039,1795.51001,1784.719971,1787.869995,1787.869995,3224450000,-0.002042965,-0.002074462,,,
11/20/13,1789.589966,1795.72998,1777.22998,1781.369995,1781.369995,3109140000,-0.003635611,-0.003667108,,,
11/21/13,1783.52002,1797.160034,1783.52002,1795.849976,1795.849976,3256630000,0.008128565,0.008097068,,,
11/22/13,1797.209961,1804.839966,1794.699951,1804.76001,1804.76001,3055140000,0.004961458,0.004929961,,,
11/25/13,1806.329956,1808.099976,1800.579956,1802.47998,1802.47998,2998540000,-0.001263342,-0.001294839,,,
11/26/13,1802.869995,1808.420044,1800.77002,1802.75,1802.75,3427120000,0.000149805,0.000118308,,,
11/27/13,1803.47998,1808.27002,1802.77002,1807.22998,1807.22998,2613590000,0.002485081,0.002453584,,,
11/29/13,1808.689941,1813.550049,1803.97998,1805.810059,1805.810059,1598300000,-0.000785689,-0.000817186,,,
12/2/13,1806.550049,1810.02002,1798.599976,1800.900024,1800.900024,3095430000,-0.002719021,-0.002750518,,,
12/3/13,1800.099976,1800.099976,1787.849976,1795.150024,1795.150024,3475680000,-0.003192848,-0.003224345,,,
12/4/13,1793.150024,1799.800049,1779.089966,1792.810059,1792.810059,3610540000,-0.001303493,-0.00133499,,,
12/5/13,1792.819946,1792.819946,1783.380005,1785.030029,1785.030029,3336880000,-0.004339573,-0.00437107,,,
12/6/13,1788.359985,1806.040039,1788.359985,1805.089966,1805.089966,3150030000,0.011237871,0.011206374,,,
12/9/13,1806.209961,1811.52002,1806.209961,1808.369995,1808.369995,3129500000,0.0018171,0.001785603,,,
12/10/13,1807.599976,1808.52002,1801.75,1802.619995,1802.619995,3117150000,-0.003179659,-0.003211156,,,
12/11/13,1802.76001,1802.969971,1780.089966,1782.219971,1782.219971,3472240000,-0.011316874,-0.011348371,,,
12/12/13,1781.709961,1782.98999,1772.280029,1775.5,1775.5,3306640000,-0.003770562,-0.003802059,,,
12/13/13,1777.97998,1780.920044,1772.449951,1775.319946,1775.319946,3061070000,-0.00010141,-0.000132907,,,
12/16/13,1777.47998,1792.219971,1777.47998,1786.540039,1786.540039,3209890000,0.00632004,0.006288543,,,
12/17/13,1786.469971,1786.77002,1777.050049,1781,1781,3270030000,-0.003100988,-0.003132485,,,
12/18/13,1781.459961,1811.079956,1767.98999,1810.650024,1810.650024,4327770000,0.016647964,0.016616467,,,
12/19/13,1809,1810.880005,1801.349976,1809.599976,1809.599976,3497210000,-0.000579929,-0.000611426,,,
12/20/13,1810.390015,1823.75,1810.25,1818.319946,1818.319946,5097700000,0.004818728,0.004787231,,,
12/23/13,1822.920044,1829.75,1822.920044,1827.98999,1827.98999,2851540000,0.00531812,0.005286623,,,
12/24/13,1828.02002,1833.319946,1828.02002,1833.319946,1833.319946,1307630000,0.002915747,0.00288425,,,
12/26/13,1834.959961,1842.839966,1834.959961,1842.02002,1842.02002,1982270000,0.00474553,0.004714033,,,
12/27/13,1842.969971,1844.890015,1839.810059,1841.400024,1841.400024,2052920000,-0.000336585,-0.000368082,,,
12/30/13,1841.469971,1842.469971,1838.77002,1841.069946,1841.069946,2293860000,-0.000179254,-0.000210751,,,
12/31/13,1842.609985,1849.439941,1842.410034,1848.359985,1848.359985,2312840000,0.003959675,0.003928178,,,
1/2/14,1845.859985,1845.859985,1827.73999,1831.97998,1831.97998,3080600000,-0.008861913,-0.00889341,,,
1/3/14,1833.209961,1838.23999,1829.130005,1831.369995,1831.369995,2774270000,-0.000332965,-0.000364462,,,
1/6/14,1832.310059,1837.160034,1823.72998,1826.77002,1826.77002,3294850000,-0.002511767,-0.002543264,,,
1/7/14,1828.709961,1840.099976,1828.709961,1837.880005,1837.880005,3511750000,0.006081764,0.006050267,,,
1/8/14,1837.900024,1840.02002,1831.400024,1837.48999,1837.48999,3652140000,-0.000212209,-0.000243706,,,
1/9/14,1839,1843.22998,1830.380005,1838.130005,1838.130005,3581150000,0.000348309,0.000316812,,,
1/10/14,1840.060059,1843.150024,1832.430054,1842.369995,1842.369995,3335710000,0.002306687,0.00227519,,,
1/13/14,1841.26001,1843.449951,1815.52002,1819.199951,1819.199951,3591350000,-0.012576217,-0.012607714,,,
1/14/14,1821.359985,1839.26001,1821.359985,1838.880005,1838.880005,3353270000,0.010817972,0.010786475,,,
1/15/14,1840.52002,1850.839966,1840.52002,1848.380005,1848.380005,3777800000,0.005166188,0.005134691,,,
1/16/14,1847.98999,1847.98999,1840.300049,1845.890015,1845.890015,3491310000,-0.00134712,-0.001378617,,,
1/17/14,1844.22998,1846.040039,1835.22998,1838.699951,1838.699951,3626120000,-0.003895175,-0.003926672,,,
1/21/14,1841.050049,1849.310059,1832.380005,1843.800049,1843.800049,3782470000,0.002773752,0.002742255,,,
1/22/14,1844.709961,1846.869995,1840.880005,1844.859985,1844.859985,3374170000,0.000574865,0.000543368,,,
1/23/14,1842.290039,1842.290039,1820.060059,1828.459961,1828.459961,3972250000,-0.008889577,-0.008921074,,,
1/24/14,1826.959961,1826.959961,1790.290039,1790.290039,1790.290039,4618450000,-0.020875449,-0.020906946,,,
1/27/14,1791.030029,1795.97998,1772.880005,1781.560059,1781.560059,4045200000,-0.004876294,-0.004907791,,,
1/28/14,1783,1793.869995,1779.48999,1792.5,1792.5,3437830000,0.006140652,0.006109155,,,
1/29/14,1790.150024,1790.150024,1770.449951,1774.199951,1774.199951,3964020000,-0.010209232,-0.010240729,,,
1/30/14,1777.170044,1798.77002,1777.170044,1794.189941,1794.189941,3547510000,0.011267045,0.011235548,,,
1/31/14,1790.880005,1793.880005,1772.26001,1782.589966,1782.589966,4059690000,-0.006465299,-0.006496796,,,
2/3/14,1782.680054,1784.829956,1739.660034,1741.890015,1741.890015,4726040000,-0.02283192,-0.022863417,,,
2/4/14,1743.819946,1758.72998,1743.819946,1755.199951,1755.199951,4068410000,0.007641089,0.007609592,,,
2/5/14,1753.380005,1755.790039,1737.920044,1751.640015,1751.640015,3984290000,-0.002028222,-0.002059719,,,
2/6/14,1752.98999,1774.060059,1752.98999,1773.430054,1773.430054,3825410000,0.012439793,0.012408296,,,
2/7/14,1776.01001,1798.030029,1776.01001,1797.02002,1797.02002,3775990000,0.013301887,0.01327039,,,
2/10/14,1796.199951,1799.939941,1791.829956,1799.839966,1799.839966,3312160000,0.001569235,0.001537738,,,
2/11/14,1800.449951,1823.540039,1800.410034,1819.75,1819.75,3699380000,0.011062114,0.011030617,,,
2/12/14,1820.119995,1826.550049,1815.969971,1819.26001,1819.26001,3326380000,-0.000269262,-0.000300759,,,
2/13/14,1814.819946,1830.25,1809.219971,1829.829956,1829.829956,3289510000,0.005810025,0.005778528,,,
2/14/14,1828.459961,1841.650024,1825.589966,1838.630005,1838.630005,3114750000,0.004809217,0.00477772,,,
2/18/14,1839.030029,1842.869995,1835.01001,1840.76001,1840.76001,3421110000,0.001158474,0.001126977,,,