date,braz,viet,colo,iowa,arge,thai,aust,cana,russ,kans
2/17/12,69.7,72.9,84.4,28.6,77.8,80.3,76.2,11.1,21.6,41.5
2/18/12,72,70.2,84.8,26.6,81.9,76.8,77.8,23.1,20.1,43
2/19/12,74.8,66.9,85.8,28.3,76.5,73.6,78.7,27.4,21.8,39.4
2/20/12,71.9,71.1,85.6,34.7,76.3,74.2,80.1,25.7,33.2,42.7
2/21/12,69.2,74.2,85.4,37,72.5,78.7,78.1,22.7,33,42.9
2/22/12,70.1,78.2,86.4,38.8,68.5,81.6,75.3,25.2,30.6,45.1
2/23/12,70.6,82.2,87.3,36.9,70.9,83.9,70.4,26.5,34.5,52
2/24/12,69.4,82.6,87.8,28.3,71,85.4,73.1,17.6,37.8,41.3
2/25/12,70.6,81.3,86.6,19.3,74.6,83.8,76.2,15.9,40.8,38.3
2/26/12,71.5,78.8,85.6,32.7,70.5,86.8,75.6,7.2,39.8,49.7
2/27/12,70.1,76.8,86.2,24.6,72.1,79.6,76.5,7.7,31.6,47.1
2/28/12,70,77.2,87.9,33.7,68.9,81,77.6,8.1,28.7,52
2/29/12,74.6,77.8,87.7,35.5,71.1,83.9,78.3,18.1,28.9,53.2
3/1/12,76.7,78.4,86.6,29.1,71.1,85.8,78.4,20.7,29.5,49.6
3/2/12,73.2,79.1,88.9,32.2,71.5,87.2,79.6,15.5,32.5,48.2
3/3/12,69.3,79.7,87.1,29.5,76.6,84,75.7,13.1,36.3,39.4
3/4/12,70.1,80.3,90.1,29.4,79.6,84.3,77.1,26.6,33.1,44.3
3/5/12,71,80.9,81.2,32.2,78.1,87,75.1,29.8,29.6,48
3/6/12,70.4,80.6,86,49.5,72.9,87.2,71.2,25.2,27.5,59.6
3/7/12,69.4,79.5,86.7,49.4,76.5,86.6,73,14.4,26.5,62.4
3/8/12,68.9,78.3,86.5,35.2,76.6,87,74.4,17.8,26.9,44.5
3/9/12,67.4,79.4,82.1,37.3,75.6,84.3,75.1,25.6,29,40.2
3/10/12,68.8,76.5,78.9,54.1,78,75.6,76.2,33.2,29.1,45.7
3/11/12,72.1,75.2,84.1,51.2,77.4,77.5,74.9,34.3,34.3,48.6
3/12/12,71.6,76.1,87.1,50.4,74.1,79.4,72.8,40.2,35.2,55.5
3/13/12,72.1,75.9,81.4,53.6,72.2,80.4,73.5,39.2,34.7,60.1
3/14/12,72.6,76.9,83.7,63.4,67.8,83.1,72.4,38.7,37.1,67.1
3/15/12,66.3,78.7,87.8,54,65.8,84.2,73.8,34.2,35.1,68.2
3/16/12,61.4,79.6,81,61.6,67.1,87.6,77.1,45.3,36.5,68.2
3/17/12,63.6,80.6,81.5,69.3,72.8,80.7,73.1,42.4,42.2,67.9
3/18/12,63.7,79.2,85.5,73.2,75.3,82.8,72,39.4,49.4,67.4
3/19/12,64.4,79,80.4,68.7,79.8,85.6,73.5,36.5,55.9,63.7
3/20/12,65.1,76.8,80.8,56.5,68.7,84.9,74,26.9,49.5,53.6
3/21/12,76.7,73.3,83.3,55.8,72.8,86.7,74.9,30.3,51.7,53.1
3/22/12,69.6,78.9,75.5,60.3,66.1,86.6,69.8,33.6,49.1,48.4
3/23/12,67.2,77,84.1,52.7,61,87.9,75,27.5,51.1,49.7
3/24/12,66.6,74,85.5,56.8,60.5,78.6,73.5,21,47.8,54.9
3/25/12,67.5,74.7,80.1,58.6,65.8,79.3,69.8,24.4,48.7,60.7
3/26/12,72.3,74.1,76.2,63.9,62,80,70.1,35.6,41.3,64
3/27/12,66.3,73.6,83.1,69,54.6,82.1,71.6,36,38.2,69.7
3/28/12,59,73.3,85.5,56.4,58.1,83.1,71.8,34.7,41.6,68.7
3/29/12,55.8,73,87.3,59,66.4,85.6,72,41.2,47.3,68.2
3/30/12,62.4,72.8,78.9,57.9,66.4,86,71.2,49.5,42.3,68.4
3/31/12,62.2,72.5,87.1,63.1,70,79.7,72,40.9,45.1,67.8
4/1/12,64.6,70.8,85.3,68.6,71.6,79.9,72.6,47.7,41.6,72
4/2/12,64.6,72.2,83.4,74.2,70.7,82.8,74.1,38.3,41.2,73.3
4/3/12,65.9,79,83.9,56.9,69.1,87.5,74.1,43.4,45.3,67.7
4/4/12,66.5,78.9,84.3,58.2,73.9,83.7,72.6,52.4,44.5,63.7
4/5/12,70.6,78.9,79,58.3,63.8,82.6,72.3,51.9,49.1,55.3
4/6/12,67.6,78.8,79,51.5,61.4,84.4,69.6,35.3,48.7,53.9
4/7/12,69.7,78.9,82.9,56,68.2,75.9,71.7,35.1,54.4,54.9
4/8/12,68.1,79.1,79.2,49.4,68.3,81.5,70.5,29.9,50.3,52.4
4/9/12,62.6,79.2,77.3,49.7,66.6,86.5,73.9,26.5,41.7,56.1
4/10/12,66.7,79.7,83,44.1,69.2,86.8,67.5,28.7,42.7,60.3
4/11/12,70.2,78.9,80.5,42.7,69.5,88.9,66.3,36.7,42.8,56.2
4/12/12,71.4,77.8,74.6,44.7,67.8,90.8,66.5,44.6,43.8,56.1
4/13/12,70.4,75.6,81.8,53.8,69.1,89.8,68.4,46.7,48.5,63.7
4/14/12,69.9,77,79.7,55.3,70.7,90.4,68.9,40.9,48.8,65.3
4/15/12,66.8,78.4,83.5,61.9,68.4,88,68.7,33.4,51.3,66.7
4/16/12,63.8,79.8,86.5,47.3,65.3,88.6,69.8,24,51.3,55.9
4/17/12,61.8,81.1,80.7,50.6,70.2,90.2,69.3,31.1,52.4,56.9
4/18/12,62.8,79.2,81.5,62.1,66.7,91.3,70.7,29,55.3,60.8
4/19/12,62.9,80.5,77.2,50.9,70.9,91.5,72,38.5,52.2,64.4
4/20/12,65,80.8,83.9,45.9,68.6,93.3,72.2,36.8,53,57.3
4/21/12,65.2,75.3,80.1,53.5,62.5,85.7,72.5,40.7,53.5,50.4
4/22/12,60,77.4,82.5,51.9,55.6,85.2,71.4,46,55.6,55.7
4/23/12,62.4,79,85.2,51,57.8,89.4,74.4,55.1,57.4,51.4
4/24/12,60.2,81.5,80.6,62.9,50.3,92.2,71.2,55,54.8,61
4/25/12,62.5,81.4,83,72.9,51.9,92.9,64.2,44.2,54.8,73.6
4/26/12,59.8,79,83.2,63.6,55.3,92.1,63.8,36.6,58.9,70.7
4/27/12,60.8,78.3,84.8,55.7,52.2,79,64.9,40.5,67,70.6
4/28/12,58.7,77.2,82.9,47.6,53,85,64.8,37.7,72.4,67.6
4/29/12,61.5,81.1,83,49.2,50.7,86.4,67.7,41.6,72.8,63.6
4/30/12,53.3,79.9,84.9,56.1,51.4,89.6,66.6,44.3,72.9,65
5/1/12,50.6,81.5,82.7,68,57,91,67,48.9,75.8,67.8
5/2/12,54.6,83.1,83,69.2,60.6,90.5,67.8,42,74.8,73.4
5/3/12,57.6,81.9,82.9,73.4,63.6,86.1,68.3,43.5,71.6,74.6
5/4/12,60.2,79.8,83.2,73.7,65.8,90,66.8,46.5,69.1,75.7
5/5/12,61.4,77.5,81.5,74.8,64,86.7,62.7,48.8,65.8,75.1
5/6/12,58.5,76.6,81.6,70.5,62.6,79.6,61.5,47.1,67.9,74.8
5/7/12,59.7,78.4,76.4,59,66.9,82,63.9,49,68.6,66.7
5/8/12,62,78.9,84.3,56.4,68,80.5,64.4,50.9,66.4,61.5
5/9/12,59.1,78.8,80.2,55.1,66.2,79.8,64.5,63.3,69.4,60.7
5/10/12,61.4,81.2,84.5,63.8,63.6,85.6,65,55.6,69.7,62.9
5/11/12,60.1,79.3,78.7,67.5,59.8,90.4,65.4,44.6,74.2,63.9
5/12/12,63.4,78.6,84,58.2,53.2,89.5,66.8,50.1,76.4,64.1
5/13/12,59.5,79.6,83.4,60,51.9,88,63.8,57.3,66.9,63.5
5/14/12,55,78.4,84.1,66.4,60,89.1,56.5,59.4,63.7,64.6
5/15/12,54.7,75.6,84.4,68.1,59.5,84.2,61,53.3,65.6,64.9
5/16/12,56.7,77,87.6,63.3,63.1,84.9,61.5,61.9,61.2,68.7
5/17/12,56.1,76.1,84.5,73.5,65,81.5,63,59.7,60.9,70.3
5/18/12,56.9,80.4,81.2,80,61.9,81.8,61.4,49.3,67.2,72.6
5/19/12,55.3,81.5,79.9,76.8,57.2,84.8,61.3,45.2,72.5,73.4
5/20/12,59.8,80.4,76.4,63,63,86.5,61.1,46.2,69.6,70.5
5/21/12,57.8,81,84.4,60.1,60.1,88.5,64.1,59,69.9,64.5
5/22/12,58.6,81.2,84.7,69.2,58.5,85.8,63.3,53.6,63.5,64
5/23/12,58.6,79,81.9,76.4,60,82.2,63.7,46.2,69,72.7
5/24/12,57.8,74.6,81.6,62.3,59.4,83.7,68,42.8,65.5,76.6
5/25/12,61,76.5,85.3,57.5,62,82.5,58.4,45.6,56.3,77.4
5/26/12,59.2,75,83.4,68.1,62.4,80.5,57,48.9,61.3,78.7
5/27/12,58.4,77.6,86.2,81.6,63.9,82.5,58.3,49.6,62.5,77.9
5/28/12,64.3,79.7,84.5,68.6,64.7,81.4,62.8,44.5,60.1,79.6
5/29/12,65.2,76.7,87.9,62.6,67.2,85.5,62.5,46.7,62,76.8
5/30/12,67.5,79.5,82.4,56,59.3,84.7,63.3,53.1,63.9,74.7
5/31/12,58.1,77.6,79.8,53.1,54.2,80.8,62.2,58.1,64.5,65.5
6/1/12,56.7,79,86.8,53.9,54.4,81.2,63,58.1,63.1,56.2
6/2/12,60.4,77.6,86.3,62.2,63.2,82.8,64.7,65.2,65.9,62.3
6/3/12,62.6,79.7,85.5,71.4,54.3,83.4,64.5,63.7,68.2,71.5
6/4/12,61,76.1,87.9,77.2,48.3,83.6,62,58.7,70.2,75.4
6/5/12,53.5,78.4,84.8,73.5,46.6,85,56.8,63.9,67.4,75.2
6/6/12,54.1,78,88.2,75.3,43.9,85.4,61.3,66.4,67.5,73.5
6/7/12,49.5,77.5,88.5,75.1,41.2,84.6,59.5,60.6,65.6,72.6
6/8/12,47.4,78.8,86,76.8,45.4,81.1,60.8,62.8,68.4,70.1
6/9/12,49.3,78.4,86.6,79.1,46.7,85.1,60,61.3,70.9,72.7
6/10/12,53.6,77.2,86.8,79.5,50.4,85.2,59.4,52.6,69.5,79
6/11/12,61,78.6,83.7,67.3,49.9,85.4,59.7,48.5,70.7,79.2
6/12/12,61.8,79.1,82.3,63,56.8,87.2,62.5,57.4,71.1,73
6/13/12,60.1,76.9,76,67.3,62.9,85.3,62.2,59.3,75.9,73.1
6/14/12,59.2,79.9,82.9,78.1,63.5,88.4,59.3,58,77.7,76.1
6/15/12,56.8,80.3,84.5,69.2,54.6,88.2,59.2,57.8,74.5,75.9
6/16/12,58.1,77.5,76.3,70.6,46.2,85.5,64.3,57.7,70.9,76.5
6/17/12,57.8,74.7,82,70.5,47.4,84,60.7,59.5,73.1,79.2
6/18/12,58.2,76.2,84.7,84.1,48.2,85.5,55.8,53.6,78,80.7
6/19/12,59.4,76.6,86.7,84,48.9,85.5,57.6,55.9,80.5,78.7
6/20/12,56.7,76.4,87.5,75.4,52.1,84.6,56.3,54.3,82.7,79.5
6/21/12,55,77.2,79.7,66.2,55.8,83.3,62,57.6,80,73.5
6/22/12,56.7,76.6,85.2,69,54,82.4,64.7,61.4,81.4,72.8
6/23/12,50.7,78.4,85.5,71.8,56.7,83.6,59.1,64.7,81,77.1
6/24/12,55.7,78.8,80.3,76.1,57.6,78.4,60.6,64.9,76.3,78.3
6/25/12,53.9,79.7,82.4,78.1,47.6,80.7,59.1,66.8,75.5,81.7
6/26/12,55.5,78.7,80.9,73.9,52.9,82.5,55.3,71.3,67.3,85.1
6/27/12,59,76.9,81.8,84.5,60.4,84,57.3,60.2,68.8,88.6
6/28/12,60.5,74,85,84.4,63.9,85.4,62,60.1,70.3,92
6/29/12,61.2,74.5,82.1,78.3,58.6,87,62,62.8,69.1,95.4
6/30/12,62.6,75,82.2,76.3,57.4,83.9,59,65.8,71.2,84
7/1/12,61.1,73.2,78.6,77.2,64.2,80,60,66.5,73.7,82
7/2/12,59.9,74.9,85.2,81.8,54.8,80.7,54.5,66.8,75.5,82
7/3/12,59.7,75.7,84.6,81.3,47.2,80.6,52.5,66.7,82.3,83.8
7/4/12,62.3,73.8,82.4,82.8,46.6,81.9,53.1,62.3,80.1,83.7
7/5/12,63.5,78.7,83.1,83.2,45.8,81.2,58.2,60.7,78.7,84.5
7/6/12,63.7,77.8,79.2,84.2,43.3,79.9,58.1,66.1,83.4,85.5
7/7/12,55.8,75.7,85.3,79.9,44.7,83.8,58.6,66,79.8,85.9
7/8/12,49.2,76.9,88.8,77.6,49.4,79.7,59,69.5,83.2,83.1
7/9/12,51.1,76.6,85.8,74.3,49.1,81.3,60.4,71.9,82.6,81.4
7/10/12,59,78,85.9,74.1,45.7,85.8,61.2,76.3,79.2,80.8
7/11/12,59.7,75.4,84.9,71.6,42.3,86.9,63.9,77.4,75.6,81
7/12/12,55.1,75.7,82.3,75.4,47.1,84.4,67.6,72.3,75.3,82.8
7/13/12,48.4,75.9,80.5,80.7,51.4,84.2,67.8,73.4,75.9,80.4
7/14/12,50,78.7,81.1,80.7,47.3,84.9,65.8,67.8,77.5,78.4
7/15/12,47.2,79.3,83.1,80.6,42.7,86,57,68.8,78.9,78.3
7/16/12,45.8,79.4,84.5,81.6,44.2,87.7,59.7,62.2,75.1,80.6
7/17/12,50.1,78.4,85.9,81.8,43.2,86.6,61.9,62.7,70.5,84.8
7/18/12,50,77.4,85,83.4,49.6,85.9,62,66.9,70.9,87.1
7/19/12,51.1,76.7,83.9,82.4,54.1,83.4,59.7,68.8,73.2,87.8
7/20/12,52.3,76,85,82.2,57,86.4,61,65.3,77.4,83.5
7/21/12,54.5,77.6,84.4,81,57.2,88.2,61.9,69.7,75.7,82.9
7/22/12,61,75.6,86.8,85.6,50.3,88.2,59.2,69.1,82.9,85.5
7/23/12,60,77.4,87,87.4,48.2,82.4,59.8,69.7,83.7,86.4
7/24/12,64.2,78.6,83.8,86.1,48,77.9,59.1,70.4,84.2,87.5
7/25/12,57.4,77.5,87.7,87.5,45.4,81.2,61.1,62.7,84.5,88.9
7/26/12,60.8,78.3,86.7,79.4,50.5,83.2,59.8,61.8,83.6,88
7/27/12,58.2,76.8,87.6,75.1,44.6,84.6,58.8,65.5,85.6,84.3
7/28/12,57.8,75.4,86.3,71.4,49.9,83.6,56,70.7,84.4,87
7/29/12,63.9,73.9,83.5,77.7,51.3,79.8,55.3,66.6,84.8,94.1
7/30/12,52.5,73.2,79.8,81.4,43.3,79.1,58.1,68.4,83.3,92.8
7/31/12,55.3,76.2,82,82.5,50.5,80.5,56.9,71.9,79.1,90.3
8/1/12,61.9,74.8,85.2,82.3,53.6,84,55.4,67.2,79,90.2
8/2/12,61.3,76.1,82.3,79.1,50.9,84.5,52.6,64.5,77.4,90.6
8/3/12,62.3,76.3,85.8,81.3,51.6,83.6,54.6,59.3,83.5,86.8
8/4/12,64.2,75.2,86.1,75.8,50.6,84.1,55.2,53.8,83.8,93.2
8/5/12,61.4,76.7,83.3,69.2,51.5,84,58.8,65.8,85.6,81.3
8/6/12,57.1,74.9,82.1,73.2,52,85.7,61.2,67.2,86.9,79
8/7/12,53.3,74.8,84.6,78.5,58.3,80.9,54.4,65,85,83.4
8/8/12,57.5,77.8,84.1,78.9,55.1,75.7,59.4,69.3,80.7,87.8
8/9/12,61.3,78,83.7,75.5,55.1,76.1,63.8,72.3,79.3,79.9
8/10/12,62.5,75.4,84.9,68.6,58.4,81.5,57.7,66.4,74.5,77
8/11/12,60.7,77.1,83.9,65.4,59.4,83.1,57.5,67.1,70.7,73
8/12/12,62.9,78.8,84.4,68,57.3,83.6,58.3,60.8,69.9,80.5
8/13/12,60,78.2,81,68.2,51.1,84.8,56.3,59.2,65.7,76.1
8/14/12,57.1,79.4,81,69.3,56.2,86,58.9,62.7,68.7,68
8/15/12,61.7,78.9,86.5,75,59.9,83.5,62.1,56.9,70.1,71.5
8/16/12,61.8,76.7,88,70.8,58.2,82.9,63.6,53.3,69.8,83
8/17/12,61.3,75.7,84.6,61.7,61.1,84.4,67.1,59.3,68.5,73.2
8/18/12,62.5,78.1,82,57.6,62.8,84.4,58.6,64.1,69.5,73
8/19/12,62.2,78.1,86.1,58.1,58.1,82.1,58.8,66.3,71,71.6
8/20/12,61.2,78.4,84.9,64.7,58.8,83.3,60.1,66.4,73.5,71.5
8/21/12,65.1,78.4,83,68.4,57.1,86.3,60.4,67.8,79.6,74
8/22/12,64.8,77.5,86.3,74,62.4,86.8,65.1,69.7,69.8,78.3
8/23/12,60.4,76.6,81.7,77.7,74.6,80.7,70,65.2,75.9,76.5
8/24/12,60,75.6,83.2,75.9,56.2,80.1,66.2,67.1,76.1,77.1
8/25/12,64.1,74.7,82.4,69.9,47.7,82.6,60.5,53.5,80.6,77.2
8/26/12,57.2,75.2,86.6,70.8,45.8,82.4,64.7,58.4,82.1,71.6
8/27/12,55.8,75.4,84.4,71.2,47.3,82.8,61.2,62,80.1,76.7
8/28/12,54.4,78.2,86.5,77.3,49.1,83.6,59.5,70,64,76.9
8/29/12,57.1,75.7,88.5,81.2,55.8,79.3,63,68.3,63.9,77.4
8/30/12,56.2,77.3,84.4,84.2,60.1,83.5,68.9,57.2,66.4,77.3
8/31/12,57.4,76.1,81.7,78.5,61.6,82.4,61,61.9,65.2,77.9
9/1/12,60.9,75.2,84.9,79.1,64.4,82.5,56.8,65.9,65.9,79.8
9/2/12,64.2,73.8,85.4,76.6,64.3,80.5,57.9,58.5,65.8,79.4
9/3/12,58.2,75.7,82.5,76.1,55.4,82.4,61.5,60.3,65.8,85.3
9/4/12,53.7,75.1,84.6,78.6,58.4,85.2,64,54,71.2,86.2
9/5/12,60.9,76.1,78.9,75.1,54.9,81.7,66.3,53.7,69.8,82.6
9/6/12,63.4,75.4,86.9,65.2,53.9,80.8,68.7,51.4,71,81.7
9/7/12,64.3,78.7,83.8,69.2,61,78.9,69.2,55.2,65.2,79.6
9/8/12,70.3,76.6,85.3,63,62.3,82.1,67.5,56.8,62.8,63.9
9/9/12,68.9,78.2,86.8,64,55.2,79.4,66.7,59.7,65.9,64.8
9/10/12,65.3,74.4,85.5,64.9,55.1,83.7,63.7,66.9,60.4,66.3
9/11/12,65.4,76,86.1,77.9,60.1,84.7,65.8,56.5,60.7,71.9
9/12/12,64.5,72.2,86.1,69.7,65.6,81.7,66.5,53.7,63.5,75.2
9/13/12,63.1,71.8,82.9,58.3,67.6,85.1,67.6,53.7,63.8,68.5
9/14/12,61.5,75.7,86,65.2,67.8,82.5,61.4,59.5,65.2,44.1
9/15/12,64.4,76.3,88.4,65.1,69.2,83,62.2,58.5,69.1,61.5
9/16/12,67.3,76.3,88.8,66.9,65.6,83.2,63.7,49.9,69.1,65.8
9/17/12,71.3,77.1,85.7,61.2,62.1,85.2,65.5,46.1,66.1,66.7
9/18/12,72.3,77.5,81.6,52.7,57.2,85.5,62.2,54.2,66.8,62.5
9/19/12,73.1,76,80.6,62.5,52.7,84.7,68,52.8,66.4,64.5
9/20/12,61.4,76.5,86.1,59.3,54,82.4,68.6,53,69.6,68.9
9/21/12,58.8,78,80.2,63.5,56.3,84.1,68,49.9,65.7,68.9
9/22/12,57.5,75.6,81.5,52.5,59.4,86.5,71.2,47.5,59.7,64.6
9/23/12,52.8,76.6,82.7,45.8,61,84.5,71.5,53.2,60.1,59.3
9/24/12,60,76.4,80.8,55.8,61.2,85.8,70,57.7,65.5,64.9
9/25/12,61.6,77.2,80.7,60.8,49.8,85.9,67.3,52.9,68.1,79.2
9/26/12,49.4,78.1,85,62.2,48.6,86.4,65.3,52.8,67.7,71.5
9/27/12,47.9,76.6,79.6,53.7,53.9,84.1,67.1,52.7,65.8,68.7
9/28/12,51.2,72.2,85.3,53.1,61.3,84.4,68.6,57.5,68,67.8
9/29/12,55.4,72.1,84.9,58.3,63.4,84.1,71.5,62.7,67.5,65.8
9/30/12,58.9,75.2,86.6,59.8,65.3,82.1,65.1,56.4,70.4,63.4
10/1/12,61.1,77,82.9,59.6,65.2,82.4,64.6,48.4,67.1,64.6
10/2/12,64.4,74.9,78.3,54,59.6,83.1,65.3,55.7,69.5,63.1
10/3/12,64.7,73.8,84.9,57.7,59.5,85.5,65.1,42.5,67.3,59.9
10/4/12,63,76.4,84.9,53.7,58.4,80.6,68.2,37,65.5,62.8
10/5/12,67.1,75.9,80.4,39.1,65.3,82.5,71.3,31.9,64,50.8
10/6/12,70.7,75.9,83.8,37.1,66.9,81.8,73.2,35.4,64,43
10/7/12,70.6,75.8,81,35.9,61.7,81.7,72.3,40.6,68.1,43.7
10/8/12,65.8,75,83.6,53.3,63,79.2,69.3,43.9,57.6,44.7
10/9/12,69.3,75.3,86.3,53.1,67.1,82.7,73.4,35.3,49.3,52.4
10/10/12,69.4,75,78.5,42,55.4,82.7,74.5,34.9,53.6,52.9
10/11/12,59.1,76.2,83.8,51,56.5,83.2,60.8,31.3,57.8,60.6
10/12/12,56.6,75.9,83.1,42.2,62.8,83.4,60.1,33.7,50.8,65.3
10/13/12,55.3,75.5,79.6,58.3,66.6,83.4,64.1,34.4,56.8,66.1
10/14/12,54,75.4,83,58.2,68.5,83.7,67.4,45.3,57.3,64
10/15/12,57.8,77.1,83,50.6,69.8,84.3,65.8,52,64,61.3
10/16/12,60.8,76.7,81.2,60.9,61.1,83.5,69,50.2,66,66.8
10/17/12,69,74.4,82.3,57.8,62.2,84.2,72.3,47.3,64,65.4
10/18/12,66.4,74.7,76.6,47.6,61,82.6,73.4,38.7,54.7,54.8
10/19/12,60.8,76,81.8,43.2,64.2,83.7,72.2,35.5,53.2,56.4
10/20/12,65.3,76.5,81.9,43.7,63.3,84.2,74.7,35.2,56.7,53.8
10/21/12,69.3,76.8,82.7,54.7,64.9,84.4,77,35.6,57.6,67.5
10/22/12,73.4,73.3,81.5,55.6,62.9,83.5,73.1,23.9,57.6,74.2
10/23/12,65.2,75.2,82.4,57.3,59.8,82.5,66.9,30.6,50.2,71.3
10/24/12,64.8,75.9,82.6,51.2,63.3,82.9,66.6,31.6,54,72.7
10/25/12,61.6,74.9,79.8,39.2,66.1,83.8,69,29.3,52.8,60.9
10/26/12,62.6,75.8,80.6,35.4,71.9,83.7,75,25.7,55,40.9
10/27/12,71.7,76.6,83.9,34.1,74.9,83.6,70.4,19.4,58.4,37
10/28/12,70.8,75.4,86.4,39.6,71.3,85.3,66.8,18.7,64.5,39.1
10/29/12,74,78.2,84.6,46.1,68.3,86.8,66.8,28.4,47.7,45.6
10/30/12,77.1,78.8,80.6,41.8,65.8,84.1,69.5,33.6,43.9,50
10/31/12,74.1,75.8,81.3,40.4,66,81.9,69.9,27.6,46.6,48.5
11/1/12,65.7,73.5,84.3,42.1,70.4,78.8,74.5,20.7,53.3,51.7
11/2/12,63.1,76.5,83.6,39.7,72.1,80.1,72.2,27.3,59.4,57.8
11/3/12,63.4,77.4,82.4,36.3,76,82,69.9,25.7,54.3,55.2
11/4/12,65.8,77.5,84.5,43.5,73.1,84.2,68.9,29.9,54.6,47.5
11/5/12,67.7,77.6,82.9,42.3,77.8,83.9,70.2,33.1,59.8,49.9
11/6/12,66.9,76.3,84.5,44.1,82.5,84.3,69.5,36.8,53.6,47.3
11/7/12,66.2,76.3,84.9,40,85.7,85,73.7,32.7,44.8,48.8
11/8/12,67.2,77.5,84.2,45.4,84.2,85.1,75.7,26.8,43.2,51.3
11/9/12,65.5,78.3,84.9,45,74.6,86.3,72.9,15.1,48,63.2
11/10/12,69.5,78.8,80.2,54,59.8,87.7,66.6,9.6,47.3,67.8
11/11/12,73.6,77.3,84.4,32.7,62.5,85.8,68.2,7.7,46.9,54.6
11/12/12,67.6,76.4,76.7,25.4,63.5,83.3,67,1.7,49.8,34.9
11/13/12,59.4,75.2,82.6,28.4,64.2,81.9,70.9,17.1,48.2,39.3
11/14/12,58.1,72.4,84.4,37.7,66.9,82.7,72.8,20.1,42.9,42.1
11/15/12,60.2,74.4,78.9,42.3,69.6,82.1,75.2,20,36.2,43.9
11/16/12,61.6,76.1,81.3,34.1,72.3,83.5,77.9,23.8,31.7,44.1
11/17/12,61.5,77.8,82.7,43.1,73.5,80.7,71,14.7,34,44.8
11/18/12,61.5,73.6,81.4,48,72.1,81,70.6,23,40.4,46.9
11/19/12,65.6,76.9,83.3,46,72.4,83.5,75.7,28,41.5,55.8
11/20/12,70.7,77.4,85.1,41,75.5,84,72.7,35.7,40.5,51.6
11/21/12,67.8,79.1,85.5,51.4,78.7,86.5,72.2,19.2,43.7,49.8
11/22/12,69,78.6,80.2,52.7,74.3,86.9,76.5,12.1,43.8,60.7
11/23/12,73.5,77.5,82.7,29.9,66.4,84.9,74.3,5,36.3,47.1
11/24/12,69.3,76.4,85.3,24.2,68.2,79.6,75,15.6,37.1,34
11/25/12,59.4,76.4,85.2,34,65.8,82,75.4,6.5,33.6,44.6
11/26/12,59,78.6,85.5,29.2,68.6,84.3,74.5,8.1,36,40.2
11/27/12,65.8,77.5,83.6,21.4,74.9,83.2,76.8,5.2,46.3,31.7
11/28/12,70.2,76,83.8,28.1,74.8,81,75.9,6.1,46.5,35.8
11/29/12,69.7,75.8,84.7,32.8,69.2,79.9,77,4.4,51.1,47.5
11/30/12,65.4,76.5,82.7,32,71.3,82.9,77.9,9.8,54.8,51.6
12/1/12,68.3,76,82,39,73,84.6,78,9.9,52.4,60.6
12/2/12,68.9,76.6,82.7,37.4,77.6,85.1,78.2,12.1,44.6,53.1
12/3/12,69.9,72.6,83.1,48,80.3,82.2,79.9,7.6,43.9,65.1
12/4/12,72.6,74.6,84.9,35.8,79.7,80.1,85,5,35.8,54.9
12/5/12,74.7,76.6,83.8,33.7,80.5,81.9,80.8,17.6,39.8,42.5
12/6/12,74.8,73.4,83.5,48,75.1,76.1,76.3,9.4,39.9,47.7
12/7/12,77,72.7,84,35.2,71.7,77.9,77,-7.3,27.1,51.2
12/8/12,72.1,74.8,84.8,30.1,74.2,78.4,77.1,6,29.4,46.1
12/9/12,67.7,74.3,85.6,28.3,77.6,78.6,77,-9.3,39.1,44.6
12/10/12,73.4,74.5,84.9,11.5,77.5,80,71.8,0.6,42.4,26.8
12/11/12,74.8,74.2,86.2,26.7,72,80.7,72.6,-5.7,37.3,27
12/12/12,71.4,74.7,83.6,35.2,79.3,75.6,73.6,-0.2,36.4,34
12/13/12,74.6,74,84.2,36.5,78.1,78.1,72.8,-1.6,27.6,43.2
12/14/12,65.4,76.6,82.5,28.6,76.2,80.1,73.3,11.8,27.6,46.4
12/15/12,67,74.9,81.4,42,79.4,80.5,77,10.6,33.5,50
12/16/12,72.4,76.6,82.8,28.9,75.4,80.6,79.8,5.1,30.5,42
12/17/12,75.6,77,84.4,27.7,71,79.8,81.7,5.3,26.7,39.8
12/18/12,71.6,76.7,80.6,30.1,68.9,80.5,81.3,7.7,23.4,42.7
12/19/12,73.5,74.3,83.2,30.9,72.8,78.9,79.9,6.4,21.3,43.1
12/20/12,74.1,74.8,85.3,22.2,72.1,78.3,80.4,-9.2,21.3,41.1
12/21/12,75.8,76,84.4,12.5,72.5,78.9,78.4,1.4,19.2,31.8
12/22/12,66.3,75,82.7,19,76.8,80.2,78.9,1.3,17.7,38.7
12/23/12,66.6,71.1,83.1,15.6,79.3,75,77.7,-4.5,13.3,39.3
12/24/12,74.1,71.4,82.3,15.1,86.2,71.3,75.2,-9.3,23.8,27
12/25/12,78.2,73.2,85.8,7,77.9,73.6,77.4,-11,32.2,25.1
12/26/12,77.4,74.6,81.2,7.3,68.7,76.5,74.8,-19.3,40.4,20.8
12/27/12,69.1,75.1,85,15,67.7,78.5,77.7,-13.9,36.3,27.8
12/28/12,72.2,75.2,86.4,19.4,72.6,79.9,76.2,-6.8,34.6,29.4
12/29/12,70.7,76.3,86.3,10,77.2,79.7,77.9,-2.2,30.2,23.5
12/30/12,70.2,71.6,83.3,12.1,81.2,75.9,76.9,7.7,27.1,29.9
12/31/12,71.2,70.9,86.1,19.8,81.2,68.8,76.5,-3.3,30.2,34.3
1/1/13,68.9,70.2,85.3,9.1,64.2,69.8,78.2,13.2,32.5,29.7
1/2/13,62.9,72.7,85.5,14.8,64.8,74.4,82.4,22.5,38.8,22.4
1/3/13,61.5,71.6,86.4,22.8,70.4,76.6,78.2,13.1,31.6,28.8
1/4/13,65.4,71.7,86.4,12.7,78.2,75,77.3,12.2,35.3,30.1
1/5/13,71.6,70.9,86.1,13.7,78.5,74.8,76.2,12.1,36,36.9
1/6/13,73.8,71.8,87.4,16.9,78.4,74.8,76.7,19.5,31.3,33.3
1/7/13,73,70.2,86.5,25.5,82.7,75.6,76.7,23.8,24.8,33.3
1/8/13,72.3,72.6,86.4,20.5,76.1,76.1,79,20.3,24.9,40.1
1/9/13,69.8,73.6,87.5,26.2,78.1,77.4,83,15.3,20,42.8
1/10/13,65.9,70.7,88.6,29.8,80,73,82.7,17.6,20.1,48
1/11/13,62.3,70.9,84.5,35.5,80.2,73.7,83.9,1.6,29.4,51.5
1/12/13,63.3,71,86.5,20.7,79.5,72.8,82.9,-13.3,23.4,43.3
1/13/13,63.2,71.2,86.3,10.8,79.8,73.2,82.5,-7,19.6,24.1
1/14/13,67.3,70.6,86.1,12.1,80,76.3,75.8,-11.4,25.9,22.6
1/15/13,68.2,68.4,85.9,22.2,79.1,75.5,76.3,17.6,41,23
1/16/13,65.6,69.3,86.9,33.2,80.1,76.9,76.3,22,44.8,26.1
1/17/13,68.5,69.4,85.5,28.3,76.3,75.3,78.3,9.6,42.7,37
1/18/13,69.5,68.9,86.9,36.4,76.5,73.5,81,14,39.3,39.3
1/19/13,67.9,71.2,88.2,42.2,69.6,72.4,81.8,3.1,40.9,46.8
1/20/13,65.4,72.9,89.6,15.2,70.2,74.9,79.5,-10.7,34.6,40.7
1/21/13,63.4,74.4,88.1,4.9,73.9,76.4,75.1,-17.1,44.2,29.2
1/22/13,62.2,73.1,86,9.2,76.8,78,76.8,-1.5,45.6,26.8
1/23/13,65.9,71.8,85.6,15.2,79,79.6,78.7,-9.9,38.2,32.5
1/24/13,71.9,74.1,83,6.2,84.8,79.5,75.5,-2.5,33.5,33.3
1/25/13,73.9,72.5,83.4,18.9,68.4,77.1,75.7,-8.6,27.2,34.8
1/26/13,69.3,72.5,84.9,20.2,69.2,77.3,76.4,-3.8,21.1,40.4
1/27/13,66.2,72.9,87.8,34.9,76.5,73.6,75.7,12.6,22.5,49.5
1/28/13,68.5,72.7,88.9,35.6,83,68.6,77.5,17.3,23.9,61.8
1/29/13,66.8,72.6,92,34.2,85.2,74,82,10.6,23.3,59.9
1/30/13,65.9,74.1,90.9,25,82.2,78.8,79.1,-21.2,23.9,34.3
1/31/13,69.8,74.9,87.3,5.2,82.3,70.7,77.8,-24.8,30.9,28.3
2/1/13,73.1,74.4,81.1,4.8,85.3,76,77,-6,34.2,21.9
2/2/13,76,72.5,83.8,24.5,77.1,76.4,77.1,8.4,37.2,34.6
2/3/13,68.7,76.4,85.9,30.9,69,77.3,73.9,9.3,42,42.6
2/4/13,63.2,76,85.7,26.9,69.6,80.5,75.4,13.3,36.8,48.6
2/5/13,64.7,76,83.3,32,74.2,82.2,72.7,14.2,37.1,40.8
2/6/13,67,76.4,82.7,33.7,76.9,83.9,73.5,8.5,39.7,46
2/7/13,63.3,79.2,85.1,33.7,77,84.9,72.8,11.5,43,51
2/8/13,65.2,77.9,83.3,27.8,78.9,86,74.3,14.4,45.9,37
2/9/13,66.3,74.3,81,33.4,79.4,82.7,75.7,10.7,40.2,38.1
2/10/13,66.6,72.8,81.8,38.3,81.5,80.6,77.4,21.2,37.2,46.4
2/11/13,70.1,73.1,84,28,75.5,81.3,76.3,16.6,39.2,38.1
2/12/13,71.5,73.5,85.7,28.1,82,84.2,74.7,24.5,37.6,34.9
2/13/13,71.5,72.9,84.5,32.3,80.8,79.8,74.1,27.9,36.4,34.5
2/14/13,70.5,75.4,86,36.5,76.8,80.4,75.8,20.2,36.6,41.5
2/15/13,71.7,76.9,85.2,21.9,80.6,84,70.6,4.2,33.7,36.4
2/16/13,72,73.6,85.9,19.3,82.7,82.4,73.2,21.9,32.9,30.4
2/17/13,73.3,75.3,80.9,29.8,81,82.6,72.2,25.7,32.4,39.1
2/18/13,73.7,76.5,82.6,35.6,70.7,86,71.6,6.8,30.1,54.1
2/19/13,72.3,76.9,87.2,13.3,65.9,86.3,72.1,-7.4,33.8,34.7
2/20/13,72.2,73.4,80.6,8.9,68.7,85.3,76.5,-1.7,36.9,31.6
2/21/13,74.1,74.4,86.2,21.7,69.4,81.4,74.7,0.7,37.9,31.6
2/22/13,69.6,69.1,85.2,19.6,71.8,78.3,77.5,7.1,36.3,25.5
2/23/13,65.3,69.3,84.2,10.4,74,77.7,81.3,17,36.4,25.5
2/24/13,70.9,75.1,86.4,17.3,76.5,80,77.2,12.6,34,37.6
2/25/13,75.1,75.2,85.1,23.9,68.3,84.9,74.1,19.5,36.1,37.2
2/26/13,69.7,76.5,87.2,26.3,64.4,86.5,74.8,24.9,37.9,33
2/27/13,69.3,78.7,85.1,26.5,65,89.4,74.7,4.2,36.9,33.9
2/28/13,69.7,79.9,82.6,26.7,70.2,89.6,76.9,22.1,37.9,33.2
3/1/13,68.8,80.2,82.5,24.9,72.1,90,73.8,23,40.2,32
3/2/13,68.7,80.5,86.1,18.1,73.3,89.3,70.1,25,36.9,30
3/3/13,73,77.4,83.4,28.1,66.6,73.1,72.8,26.6,35.7,38.6
3/4/13,73.9,71.4,83,33,63.3,68.8,73.2,16.7,33.6,50.2
3/5/13,70.3,71.1,87.3,28.6,67.8,76.4,73.1,6.6,30.1,39.9
3/6/13,69.4,73.8,83.5,23.9,72.1,79.1,71.4,5.3,37.9,32.4
3/7/13,69.8,73.1,84.5,29.7,75.2,81.1,72.3,12.4,44,42.6
3/8/13,72.2,73.5,85.5,36.2,75.7,82,73.6,6.6,44.1,49.8
3/9/13,71.3,76.9,87.1,42.6,76.6,80.4,72.8,7.9,39.3,56.9
3/10/13,72.4,79.1,82.7,30.4,73.7,85.3,74.6,9.7,41.2,46.2
3/11/13,70.5,78,86.7,22.7,64.1,87.4,73.7,10.8,43.8,33.6
3/12/13,71.9,77.6,81.3,25,66.5,85.9,73,11.9,36.9,42
3/13/13,69.3,79.4,85.5,21.1,62.8,85.6,72.9,20.1,38.1,37.7
3/14/13,63.5,80.4,80.8,34.9,58.2,85.9,74.3,16.6,45.2,48.7
3/15/13,64.2,77.1,80.8,39.5,59.6,82.6,74.9,7.7,48.3,58.3
3/16/13,68.7,77.6,83.8,32.4,56.5,88.2,77.3,-4.1,30.4,55.8
3/17/13,62,80.6,82.6,27.2,60.6,90.5,77.3,0.3,29.1,39.5
3/18/13,58.5,81.9,83.6,31,64.4,87.6,71.4,-0.4,34.4,42.3
3/19/13,60.5,79.6,84.5,25.3,67.1,87.7,73.5,-6,43.5,41.5
3/20/13,62.3,81.9,81.7,21.9,67.5,88.7,70.4,7.2,46.3,37.5
3/21/13,67.9,81.2,80.2,23.1,69.1,85.9,73.9,13.3,45.1,36.5
3/22/13,66.8,80.3,80.6,26.3,66.2,88.3,76.1,15.9,45.2,35.6
3/23/13,63.8,80.9,83,31,66.9,87.5,79,9,27.6,36.8
3/24/13,60,83.2,86.5,27.6,69.7,90.2,75,3,24.2,32.4
3/25/13,64.8,81.6,79.9,26.7,70.3,89.2,76.2,5.2,29,29.8
3/26/13,66.8,81.3,85.3,27.4,65.5,88.7,75,9.3,29.3,31.2
3/27/13,63.8,80,83.2,34.4,65.4,89.2,74.5,10.6,30.8,41.9
3/28/13,62,79.8,82.4,38.5,67.9,91.6,72.5,15.7,31.9,49.5
3/29/13,61.2,82.6,84.1,44.9,70.5,93.4,76.1,23.4,36.2,58.7
3/30/13,62,82.4,86.8,52.5,72.7,92.5,71.3,28.4,42.8,59.2
3/31/13,66.2,82.7,84.6,43.3,73.6,92.2,70.6,23.6,49.3,57.9
4/1/13,70.4,81.5,89.3,28,71.6,87.1,71.6,19.4,55.1,46.5
4/2/13,66.4,81,80.5,32.3,69.4,89.1,72.3,22.2,51.8,37.9
4/3/13,67.5,83,84.8,39.9,67.7,92.5,71.7,32.4,49.2,38.3
4/4/13,70,83.5,87.1,47.1,66.7,93.5,70.8,23.2,47.8,44
4/5/13,71.2,79.3,82.5,44.6,69.7,93.3,69.1,27.1,49.5,50.1
4/6/13,65.6,85.3,84.6,56.9,64.2,93.8,68.4,27.5,54.9,61.6
4/7/13,65.2,79.3,84.3,49.8,57.1,83.5,67.6,24.6,44.1,60.6
4/8/13,64.8,79.1,84.5,53.3,60.7,88.7,68.4,10.3,41.5,63.8
4/9/13,63.3,76.3,85.9,43.8,63.4,90.7,68.8,11.9,40.6,68.8
4/10/13,64.1,80.1,82.1,33.3,65.9,89.7,68.8,20.7,41.5,44.7
4/11/13,64.9,79,81.8,32.1,66.3,87.8,70.4,28.9,44.6,37.5
4/12/13,67.7,77.6,86.3,32.5,62.8,86.1,67.7,30.2,46.3,42.5
4/13/13,63.9,78.8,84.8,35.4,56.1,86,67.4,32.1,46.6,50
4/14/13,59,79.4,86,48,62.2,88.6,70.6,27.4,52.3,64
4/15/13,60.7,80.7,84.3,39.7,67.4,87.1,71.1,28.2,50.7,56.6
4/16/13,60.4,80,86.6,39.5,60,85,69.1,26,53.5,45.9
4/17/13,57.1,77,81.2,39.7,61.7,82.1,71.4,24.9,51.5,55.3
4/18/13,57.7,79.8,81.2,33.4,65.8,88.3,70.7,26,51.1,47
4/19/13,58.9,83.1,79.1,32.5,69.3,93.2,67.7,27.4,52.6,41.1
4/20/13,57.8,82.3,83.4,32.2,66.8,92.7,65.1,32.7,55.2,48
4/21/13,57,78.1,77.9,46.6,69.7,89.4,66.6,28.8,57.8,57.8
4/22/13,57.6,81.4,83.3,40.4,70,89.7,70.6,22.1,52.8,57.2
4/23/13,57,77.6,84.9,30.9,69.2,85.9,72.4,29.3,53.3,44.7
4/24/13,60.6,81.4,83,36.4,68.3,88.3,68.9,29,61.5,38.9
4/25/13,60,79.6,83.5,43.5,70.5,89.6,70.5,34.6,62.7,48.8
4/26/13,62.3,79.9,83.1,61,69.6,88.5,68.8,42.1,60.8,54.4
4/27/13,59.7,75.7,83,56.6,70.9,86.5,66.6,51.8,58.6,50.4
4/28/13,61,80.6,79.8,64.1,67.6,90.6,68.5,45.4,57.5,55.9
4/29/13,64.1,79.4,79.2,65.8,63.2,89.5,68.9,38.5,66.8,67.9
4/30/13,67,80.6,85.5,66.9,62.2,91.1,68.4,29.1,64,71.1
5/1/13,65.8,79.3,82.4,43.8,65.4,88.2,69.2,32.4,63.8,69.1
5/2/13,68.2,78.3,83.3,40.6,67.5,87.8,69.8,40.1,67.3,46.1
5/3/13,68,77.8,79.5,40.7,64,85.9,64.2,52.2,67.5,41.7
5/4/13,69.9,76.3,85.3,40.2,56.9,80.3,67.4,52.4,67.5,42.3
5/5/13,63,78.8,78.3,44.5,60.7,85.3,66.1,56.7,67.4,46.9
5/6/13,56.1,79.9,84,51,62.7,89.2,65.6,62.5,66.1,53.5
5/7/13,53.6,78.5,81.2,55.9,56.4,83.3,66.2,58.9,67.3,58.7
5/8/13,52.2,76.8,85.2,59.6,59.4,83,65.6,43.5,63.4,64.2
5/9/13,53.3,79.1,87.2,57.6,65.5,85.7,66,50,64.7,66.4
5/10/13,54.3,78.2,79.6,55.3,66.2,85.3,64,51.6,67.6,62.1
5/11/13,57.5,75.5,84.6,54.7,67.4,85.5,63.5,42.4,66.7,59.2
5/12/13,63.2,76.9,86.9,47.2,59.9,84.7,65.5,56.5,65.9,53.1
5/13/13,65.1,80.7,87.1,60.6,60.1,89.3,66.7,67.4,64.7,59.8
5/14/13,65.5,80.7,84,79.5,64.6,89.6,66.6,62.2,63.8,71.6
5/15/13,63.8,81.8,83.9,72.7,49.9,91.5,65.1,57.8,63.2,70.3
5/16/13,62.8,78.8,82.9,69.2,47.7,91.5,60,60.7,65.8,65.8
5/17/13,51.3,78.1,78.9,69.4,47.5,84.1,62.5,58.8,64.1,65.8
5/18/13,55.4,79.2,85.7,73.4,51.7,83.7,60.2,60.5,66.1,71.9
5/19/13,60.5,80.2,85.7,69.3,52.9,83.8,58.1,60.7,67,73.1
5/20/13,64.4,81.8,83.4,63.3,51.8,81.5,57.3,59.9,67.2,68.9
5/21/13,61.7,81.2,80.3,59.5,50.8,84.7,59.9,58.8,69.7,62.2
5/22/13,60.2,81.3,80,53.7,55.1,82.3,58,59.4,68.6,62.1
5/23/13,55.6,80.6,80.7,58.4,57.8,80.8,60.9,57.5,66.1,63.4
5/24/13,56.7,78.2,82,60.2,56.6,82.8,63.1,57.8,66.5,65.1
5/25/13,56.8,79.2,86.5,64.1,57.6,84.3,63.2,53.6,65.7,71
5/26/13,54.9,78,83.7,58.7,59.4,86.4,62.9,58,66.6,74.2
5/27/13,56.1,78.8,83.6,62.7,57.6,85.9,65.6,61.1,63.9,74.4
5/28/13,57,78,83.8,65.2,61.1,88.4,62.6,60.3,64,75.6
5/29/13,61.7,79.5,81.7,70.3,57.4,85.6,63.8,65.4,65.7,73.8
5/30/13,58.7,77.2,85.5,67,55.4,82.6,62.7,62.2,68.7,66.2
5/31/13,50.5,73.9,80.8,67.7,60.4,86.7,62.9,60.5,67,73
6/1/13,59.7,75.9,78.2,59.1,59,88.9,65.5,60.8,62.3,68.4
6/2/13,60.7,74.2,85.3,56.4,57,84.4,62.9,60,64.8,60.8
6/3/13,56.8,77,84.6,61,57.4,82.3,59,58.3,65.5,61.2
6/4/13,56,75.3,86.6,64.9,60.1,82.3,61.3,57,62.4,69.1
6/5/13,54.4,76.2,80.5,61.9,60.1,80.6,63.4,61.8,63.9,70.8
6/6/13,57.3,76.2,83.2,63.1,53.6,82.9,64.2,63.1,65.1,66.6
6/7/13,56.3,79.7,85.5,61,55.1,88,63,60.7,64.8,66.2
6/8/13,57.5,78.9,86.8,60.7,52.7,86.9,64.7,57,69.5,68.2
6/9/13,58.8,79.3,86,61.6,55.9,88.5,64.3,55.7,70.3,71.1
6/10/13,61.3,80.6,85.6,63.2,59.5,87.7,62.7,52.9,69.9,75.6
6/11/13,60.4,76.1,83.2,73.9,58.7,77.3,66.1,53.8,71.3,81.3
6/12/13,60.8,76.9,83.1,77.1,64.7,82.3,67.1,57.3,74.2,82.2
6/13/13,58.1,76.6,82.7,66.1,68.7,81.1,64.6,64.7,74.5,77.6
6/14/13,55.9,74.7,83.4,69.1,57,84,61.2,58.7,73.7,78.7
6/15/13,53.5,75.4,82.5,71.3,52.1,85.6,58.7,55.4,72.4,78.3
6/16/13,54.8,74.2,85.2,73.1,53.1,87.2,57.5,55.8,69.5,74.8
6/17/13,57.8,74.8,84.3,71.4,47.3,87.2,56.8,58.5,76.2,72.3
6/18/13,57.6,78.5,86.6,72.4,52.4,86.7,56.6,64.9,74.4,73.5
6/19/13,57.8,76.9,80.9,75.1,44.8,85.8,58.4,64.5,72,74.3
6/20/13,55.9,75.1,83.1,79.8,42.6,83.2,59.2,60,71.3,77.6
6/21/13,58,77.9,83.4,85,44.3,82,53.7,55.9,72.8,81.5
6/22/13,54.7,76.2,86.6,76.3,51,83.5,56.7,59.9,77,80.7
6/23/13,49,78.5,85.5,74.4,48.6,79,59.5,58.2,74.8,81
6/24/13,53.8,77.3,83.5,74,48.3,82.1,54.8,59.2,75.3,80.4
6/25/13,57.7,79.1,80.6,76.6,49.3,81.4,55.7,64.6,74.3,80.5
6/26/13,59.9,78.8,85.9,79.9,50.4,78.5,58.3,64.1,77.2,82.6
6/27/13,59.4,76.5,86.7,76.4,55,83.8,61.6,66,79.2,84.8
6/28/13,59.7,78.5,78.8,76.9,56.3,83,61.5,67,79.7,82.5
6/29/13,63.3,79.2,83.1,72.8,55.3,86.1,61.2,65,75.1,77.8
6/30/13,54.5,79.8,82.2,69.3,50.2,86.7,57.6,67.9,69.6,72.8
7/1/13,51,78,79.2,69.2,51.2,88.8,61.2,71.1,66.9,70.8
7/2/13,50.1,78.1,83.5,70.3,57.8,86.3,65.5,74.8,69.9,70
7/3/13,53.9,75,86.3,69.3,59.9,83.2,66.2,74.5,67.5,70.3
7/4/13,58.7,76.5,85.1,73.1,61.5,82.9,64.4,72,73,73.2
7/5/13,58.7,76.9,80.9,76.6,58.9,86.2,63.7,68.8,78.7,75.4
7/6/13,61,77.1,84.8,79.6,57.9,83.7,61.4,64,78,76.2
7/7/13,60.1,75.9,86.6,78.8,48.9,81.4,61.5,61.6,78.2,79.2
7/8/13,54.7,76.7,83.1,78.4,45.7,79.1,59,60.7,78.5,81.9
7/9/13,54.2,73.1,84.9,80.8,49.5,80,59.1,64.2,74.5,84.7
7/10/13,56.7,76.6,83.1,75.3,53.7,79,58.4,68.8,75.5,87.1
7/11/13,57,78.9,82.2,72.9,61.3,79,60.6,74.9,76.5,84.9
7/12/13,55.4,79,86.2,77.1,53.9,83.6,59,64.7,76.4,82.5
7/13/13,55.9,79.2,84.5,81.1,54.6,86.6,58.9,57.4,73.6,82.4
7/14/13,58.6,78.1,86.1,78,53,81,59.3,56.8,69.5,80.7
7/15/13,57.7,76.6,83.3,75.2,47.9,82.1,61.2,65.1,69.5,76.3
7/16/13,53.7,75,86.3,78.4,57.4,80.1,61.9,62.4,71.5,75.8
7/17/13,53.9,72.4,86.3,79.9,61.7,82.2,61.2,65.2,70.7,79.1
7/18/13,58.8,76.4,86,82,52.5,84.7,61.3,67.1,72.4,81.6
7/19/13,54.8,73.8,81.2,85.2,42.9,83.7,66.3,64.1,73.9,82.5
7/20/13,57,74.3,83.3,72.2,46.2,83.3,61.9,58.8,72.9,83.8
7/21/13,60,72.7,85.4,76.2,39.7,81.9,60,63.2,67.1,73
7/22/13,48.7,72.9,84.4,78.5,40.5,82.7,57.5,58.4,69.4,76.2
7/23/13,36.9,74.8,86.2,73.3,44,80.7,56.1,64.4,69,82
7/24/13,36.4,76,87.8,70.2,45.3,79.4,60.4,61.9,71.4,77.3
7/25/13,42.8,77.5,89.3,73.2,48.4,80.2,62.5,56.9,71.4,77
7/26/13,46.2,76.1,82.4,67.3,51.9,84.7,59.5,58.4,72.3,73.9
7/27/13,51.2,75.1,83.8,62.4,57.8,80.1,60.3,60.6,70.8,70.8
7/28/13,53.8,74.8,85.5,60.5,53.4,76.4,61.2,64.1,73.5,65.2
7/29/13,53.5,74.8,85.5,60.7,54.2,79.8,61.4,59.7,75,71.8
7/30/13,53.9,74.8,84.5,67.8,56.7,79.4,59.5,57.6,75.6,76.2
7/31/13,56.4,74.1,84.9,70.1,63.4,81.3,62.5,57.7,74.2,77.9
8/1/13,61.1,75,83.5,69.1,52.6,86.4,60.2,61.6,73.2,76.8
8/2/13,62.9,73.4,83.5,66.9,49.5,82.3,63.3,60.9,73.7,77.3
8/3/13,66.8,75.8,85.8,68.1,48.8,82.1,59.7,63.2,71.8,79.2
8/4/13,61.5,77.8,87.1,64.8,53.6,80.2,59.6,65.3,72.5,75.3
8/5/13,55.1,76,85.2,71.9,57.3,82.1,59.9,65.9,76.3,78.7
8/6/13,58.1,72.7,88.3,73.5,55.1,85.6,61.5,62.3,75.8,79.3
8/7/13,61.9,75.4,83.4,71.8,61.4,82.4,62.8,57.5,78.9,79.6
8/8/13,65,77.6,82.8,68.8,57.3,79.2,60.5,55.5,79,76.5
8/9/13,64.8,75.9,81.6,70.1,50.6,81.2,59.1,58.2,80.2,71.7
8/10/13,57.3,75.6,83.4,67.9,48.9,82.2,62.7,61.5,78.5,71.5
8/11/13,47.6,73.9,81.8,72.5,52.1,78.1,64.2,63.1,79.3,75.4
8/12/13,50.6,72.9,80.8,71.6,54,84.3,68.1,65.8,80.1,75.6
8/13/13,60.9,74.2,81.4,68.3,43.8,84.4,66.1,68.5,80.5,74.4
8/14/13,47.5,76.2,85.8,64.1,45.1,83.9,67.6,69.5,81.7,71.5
8/15/13,44.5,78.7,80.9,63.4,48.9,83.9,62.4,72.9,78.8,69
8/16/13,50.7,79,83.1,65.6,54,84.9,59.5,75.3,74.4,69.8
8/17/13,49.6,79.3,81.2,68.7,51.3,83.5,65.3,72.7,75.7,68.5
8/18/13,51.7,79.3,83.4,66.8,55,85.1,64.4,71.3,76.2,69.3
8/19/13,54.5,78.4,84.8,73,62,85.8,64,70,75.5,72.5
8/20/13,55.8,78.3,81.5,78.8,62.7,83.8,57.8,61,76.6,74.6
8/21/13,59.5,77.6,83.6,79.8,64.3,79.3,57.2,65.1,75.1,75.8
8/22/13,64.1,77.3,84.7,77,53.1,77.6,56.6,69.2,75.5,77.2
8/23/13,60.4,78.6,80.8,76.1,43.6,79.8,61.8,71.4,77.5,78.4
8/24/13,56.1,78.6,81.7,77.2,44.8,80.4,62.4,72.6,72.7,79.8
8/25/13,61,74.2,84.4,82.5,45.3,83.3,64.3,70.7,68.3,79.9
8/26/13,51.5,75.6,83.9,83.5,43.5,83.9,64.2,68.7,71,80.1
8/27/13,46.8,73.7,81.8,83.5,46,82.9,64.9,66.9,65.1,78.3
8/28/13,43.6,76.6,85.1,80,58.2,85.5,66.8,70,67.4,78.8
8/29/13,49,75.3,84.4,79,65.1,85.5,64.4,72.6,71.2,81.8
8/30/13,55,77.5,81.6,80.5,65.9,81.4,67.4,74.5,61.4,82.7
8/31/13,60.1,79.7,83.9,78.6,67.4,81.3,70.3,63.9,63.8,82.5
9/1/13,62.7,76.8,83.3,75,66.1,83.9,67.1,59.8,67.5,79.7
9/2/13,63.2,77.2,82.5,67.3,62.7,83.9,67,69.1,68.3,74.8
9/3/13,61.1,78.7,81.2,65.4,53.8,85.7,64.2,66.2,65.7,71.8
9/4/13,51.3,78.1,83.2,72.8,49.8,83.5,63.3,68.4,59.2,72.4
9/5/13,52.1,77.6,84.8,73.3,54.5,79.1,62.6,74.3,59.6,75
9/6/13,56.1,77,81.9,73.7,60.5,81.5,64.9,72.8,59.5,76.4
9/7/13,59,74.7,80.6,76.2,63.3,81.3,66.1,62.6,60.2,78.7
9/8/13,65.2,74.4,83.5,76.4,63.8,78.8,66,67.3,62.5,81.2
9/9/13,64.55,74.9,83.2,79.9,73.8,82.4,66.8,66,50.4,82.4
9/10/13,63.9,75.5,82.9,76.2,83.8,85.9,67.6,64.7,62.8,78.7
9/11/13,59,76,81.3,73.8,77.9,84.6,70.6,58.4,66.2,77.4
9/12/13,65.6,76.3,81.4,70.2,62.6,82.7,71,59.3,65.3,76.4
9/13/13,68.1,75.3,80.6,62,52,78.9,70.8,68.7,65.1,72.7
9/14/13,68.8,73.9,84.6,60.3,47.5,79.3,69.2,63.3,56.7,66.9
9/15/13,70.2,76.6,86.3,65.6,47.3,79.2,69.8,55.8,57.4,73.9
9/16/13,62.6,74.6,85.3,62.2,47.1,83,67.1,64.6,61.7,71.4
9/17/13,60.3,72.5,83.4,60.5,45.6,83.8,70,69.6,62.6,68.8
9/18/13,49.7,72.3,80.6,74.1,51.8,82,69.3,52.8,61.2,74.9
9/19/13,54,74.2,82.5,74.7,57,80.9,73.1,50,59.7,78.2
9/20/13,59.3,76.7,84.3,58.6,60.9,80.5,69.2,48.7,57.8,67.3
9/21/13,66.6,76.2,87.4,54.4,54.1,80.8,66.4,60.6,59.6,61.5
9/22/13,57.3,78.4,86.7,64.7,50.9,83.6,67.7,61.6,58.5,62.7
9/23/13,58,78.5,84.2,66.1,50.9,85,70.4,56.8,56.4,63.1
9/24/13,56.4,79.3,85.3,64.8,50.3,83.3,74.6,52.9,55.2,66.9
9/25/13,48.1,73.7,88.3,61.7,53.3,79.9,74.5,51.3,50.7,65.3
9/26/13,51,72.4,80.3,71.4,57.7,78.9,75.1,48.6,55.9,70.9
9/27/13,50,68.9,84.8,76.7,59.2,80.6,70.2,47.9,51.9,74.8
9/28/13,53,72.2,80.7,65.2,60,83.1,69,48.1,48.8,68.4
9/29/13,55,75.3,83,58,51.6,80.1,70.6,55.8,49.6,58
9/30/13,58.8,75.6,81.7,67.8,52.4,80.7,72.8,49.2,47.8,60.7
10/1/13,63.1,74.8,81.2,70.3,51.7,78.9,75.1,48.6,48.8,69.3
10/2/13,59.8,72.1,84.6,63.2,55.4,83.4,73.6,42.2,44,71.7
10/3/13,59.7,72.6,86.1,66.4,58.5,82.9,71.4,39.5,43.9,74.3
10/4/13,64.6,75.2,78.2,65.4,59.8,82.8,64.2,37.7,40.8,76.8
10/5/13,60.3,76.5,83.2,50.2,57.2,82.2,69.5,43.3,40.2,59.8
10/6/13,54.2,75.1,85.6,45.7,61.9,82.1,73.5,50.8,42.1,53
10/7/13,52.3,76.2,86,54.1,64.7,80.6,75,51.1,46.3,55.2
10/8/13,52.3,75.4,83.7,59.6,66.8,80.9,70.5,50.5,48.4,58.2
10/9/13,56.8,74.6,86.1,65.4,69.3,81.2,68.9,43.9,48.8,59.3
10/10/13,58.6,76.6,83.5,65.3,65.3,82.2,73.2,48,53.9,62
10/11/13,60.9,75.3,80.1,68.5,64.5,83.5,76.2,45.5,54.4,65.9
10/12/13,62.1,74,85.5,55.4,63.6,83.7,73.8,39.6,55,64.5
10/13/13,66.4,75.2,79.6,48.2,65.7,83.3,77.2,34.3,53.8,58.5
10/14/13,68.8,76.1,79.5,50.4,68.1,81.3,68.9,39.9,53.3,59.9
10/15/13,63.5,76.4,83.8,49.4,70.2,83.8,70.2,39,54.8,57.7
10/16/13,58.7,76.9,75.4,47.2,72.8,74.1,71.3,43.6,56.2,47.7
10/17/13,59.5,77.6,81.1,41.2,72.9,78.9,72.1,32.6,56.5,49.9
10/18/13,64.6,76.4,85,43.5,68,80.4,66.5,42.1,52.5,45.7
10/19/13,65.1,75.2,84.6,45.9,71.3,80.5,70.8,42.5,49.1,41.8
10/20/13,67.9,75.7,83.8,48.4,71.5,80.8,71.9,33.9,45.7,51.6
10/21/13,68.8,74.9,83.1,41.6,63,80.3,73,34.2,56.9,52.9
10/22/13,63,74.1,81,42.3,61.6,80.4,73.8,33.8,57.2,51
10/23/13,68.8,75,84.7,36.8,67.7,81.3,76,38,49.7,47.9
10/24/13,68.7,74.3,86.1,39.2,57.3,79.9,74.9,29.7,50.4,46.6
10/25/13,60.4,73.1,84.4,39.8,56.1,71.7,70.3,41,51,42.3
10/26/13,65.2,73.2,81.8,47,64.1,76.4,73.4,31.2,49.8,50.5
10/27/13,69.3,72.9,80.7,35.5,64.6,76.6,70.6,32.2,56.8,46.8
10/28/13,57.5,74.2,83,42.4,63.9,77.1,73.2,16.7,55.2,50.1
10/29/13,55.1,76.7,83.2,42.9,69,79.4,71,19.6,53,62.8
10/30/13,60,75,82.1,44.6,66.7,81.7,71.9,28.6,53.2,67.4
10/31/13,59.1,72.8,79.8,40.7,66.9,82.6,70.1,29,53.9,59.7
11/1/13,59.9,73,81.7,47,67.2,82.4,69.7,39,50.3,51.6
11/2/13,62.6,73.1,84,45.2,64.1,82.1,72.8,31.1,53,48.4
11/3/13,66.5,74.2,83.1,44.2,61.9,80.5,75.7,38.4,56,45
11/4/13,62.7,75.3,80.1,50.2,61.9,78.4,69.4,24.4,57.2,55.3
11/5/13,57,75.9,78.6,33.3,65.1,80.1,67.8,16.2,58,56.4
11/6/13,54.9,73.9,83.2,35.2,70,80.5,68.5,4.8,59.8,47.4
11/7/13,56.2,73,75,33.4,66.6,79.2,70.9,19.7,48.4,41.8
11/8/13,62.7,75.2,82,38.6,65.5,82.2,73.3,29.4,50,48.1
11/9/13,67,75.2,81.9,47.8,68.7,80.3,75.2,22.2,54.2,52.8
11/10/13,69.3,77.1,81.3,36.3,71,82.8,75.3,8.2,53.8,50.8
11/11/13,72.8,77.9,84.1,32.2,67.8,85,75,0.9,51.8,55
11/12/13,73.1,76.5,86.6,19,70.9,85.6,74.8,22.1,48.7,33.8
11/13/13,64.3,75.1,85.3,33.3,70.6,85,74.9,36.2,43.8,31.6
11/14/13,61.1,74.9,82.6,40.5,79.2,81,70.4,29.3,40.4,38.5
11/15/13,67.4,71.4,84.9,37.4,72.3,80.1,74.8,32.2,35.9,48.6
11/16/13,67.3,75.7,86,47,65.1,77.9,72,23.5,38.6,59.2
11/17/13,57.7,74.2,86.3,44.3,71.2,80.2,68.4,11.6,44.5,65.3
11/18/13,61.7,72.2,83.8,37.8,74.3,79.5,67.6,5.4,43.4,48.6
11/19/13,68.1,72.3,82.1,40.4,68.9,77.8,73.1,15.4,49,48.5
11/20/13,70.3,72.3,81.6,50.4,67.2,76.9,73.6,-2.4,52.7,50.6
11/21/13,69.6,73,82.3,32.2,70,78.7,74.5,-5.9,53.7,50.7
11/22/13,62.5,72.9,82.9,19.2,71.3,80.2,75.9,-12.7,52.3,31.2
11/23/13,57.6,74,83.9,17.2,75.2,80.6,75.1,-1.2,50.5,31.5
11/24/13,61.2,74.4,80.1,17.9,78.7,80.9,76.6,25.7,51.3,24.6
11/25/13,64.5,74.7,76.9,33.8,74.3,80.5,74.7,25.1,50.5,31.8
11/26/13,65,74,81.2,27.6,64.7,79.7,71.3,7.2,36.8,34.5
11/27/13,66.8,73.5,80.3,18.3,62.4,80.6,71.4,20.1,33.9,27.3
11/28/13,72,74.5,80.6,28.5,66.3,77.5,75.3,17.8,31,33.7
11/29/13,64.1,71.9,83,23,69.9,71.4,77.2,17.3,37.2,35.8
11/30/13,62.5,70.7,82.6,33,74.3,74.8,67.1,9.6,37.8,43.2
12/1/13,62.9,69.8,83.3,30.4,77.3,70.1,69.2,19.2,36.3,39.4
12/2/13,69.9,69.8,81.6,36.7,80.2,71.3,70.6,19.5,35.9,47
12/3/13,73,72.1,76.5,36.2,64.9,70.8,71.2,5.6,27.8,44.4
12/4/13,73.3,71,80.7,24.4,72.1,72.2,75.5,-7.1,30.7,40.8
12/5/13,71.8,70.2,84.8,10.8,71.2,74.1,77.7,-15.3,30.9,25.2
12/6/13,62.4,68.7,85.5,1.8,67,73.2,69.8,-20.3,33.7,20.5
12/7/13,62.3,69.1,81.1,-1.3,75.3,70.5,72.1,-22.1,33.7,14.6
12/8/13,67.3,71.7,81.5,11,83.2,70.8,73.2,-10.9,31.7,23.7
12/9/13,73.6,72.1,80,4.2,74.5,73.8,74.9,-14.3,32.4,22.1
12/10/13,70.7,70.4,83.9,16.1,67.1,73.5,78,-4.5,25.6,18
12/11/13,64,71.8,85.4,10.5,71.5,74.8,75.7,-14.4,24.3,25.9
12/12/13,59.7,74.1,81.5,14,75.3,75.3,74.1,-4,30.1,25
12/13/13,63.7,73.7,82.83333333,18.8,79.3,78.6,75.4,-7.8,32.6,34
12/14/13,67.5,74.8,84.16666667,16.7,81.4,78.1,77,-11.5,32.6,33.3
12/15/13,68.4,75.8,85.5,14.6,85,77.6,77.7,6.1,32.1,31.7
12/16/13,67.5,72.4,84.7,17.8,82.8,61.6,75.5,24.9,34.2,45.2
12/17/13,65,68.7,85.4,32.7,86.2,62.3,73,11,30.4,40.7
12/18/13,65.3,66.7,83.3,30,82.2,64.5,73.4,3.6,32.3,41.1
12/19/13,65.4,66.1,83.3,24.8,78.7,63,73.6,-14.3,31.4,53.8
12/20/13,66.3,65.8,83.6,14.6,79.7,65.3,76,-13.8,37,39.9
12/21/13,65.6,66.1,85.6,17,80.4,63.8,76.7,-17.9,29.6,27.7
12/22/13,65.8,66.5,84,15.4,82.7,65.4,77.5,-20.3,32.2,29
12/23/13,66.2,66.8,83.4,1.3,84.7,67.4,77.7,-17.6,34.2,21
12/24/13,68.2,67.2,79.9,3.8,86.2,67,80.1,15.8,34,18.9
12/25/13,72.2,67.5,83.4,25.2,90.1,65.4,79.3,19.2,44.7,31.6
12/26/13,75.6,68.1,84,27,89.4,65.3,79.4,22.6,39.5,32.9
12/27/13,78,65,84.7,29.4,83,64.7,77.4,24.1,41.2,35.7
12/28/13,71.7,65.7,85.4,34.8,85.2,62.4,79.4,-3.6,37.6,39.6
12/29/13,71.9,67.1,85.3,8.3,88,64,80.6,-18.8,34.4,33.8
12/30/13,73.7,65.9,86.3,9,89,64.8,77.9,-17.4,31.3,19.8
12/31/13,76.3,67.8,86.9,11.6,80.9,66,77.5,-22.1,30.4,27.4
1/1/14,74.3,67.1,86.6,5.7,82.5,67.6,77.3,-19.4,35.2,22.2
1/2/14,74.3,71.6,82.1,0.6,73.4,71.6,81.1,-9.5,38.6,17
1/3/14,76,73.5,87.2,9,68.6,74.3,84.9,16.9,39.6,22.9
1/4/14,65,70.2,86.9,26,72.1,73.7,84,-12.5,40.3,37.8
1/5/14,65.9,69.6,87.7,3.4,81.2,71.7,82.8,-22.6,43.1,19.8
1/6/14,67.9,70.2,82.7,-7.1,85.1,75.5,78.9,-24.9,44.6,5.4
1/7/14,69.2,73.5,77.6,1.6,81.2,76.8,77.5,-11.7,42,14.7
1/8/14,72.9,72.3,80,13,74,77.2,74.9,-14.4,40.8,33.4
1/9/14,70,71.2,82.5,17.9,79.2,75.7,74.5,12,37.8,31.3
1/10/14,74.5,71.6,84.9,28.3,81.1,73.6,74.2,13.6,40.5,39
1/11/14,70.4,71.2,85.2,28.9,72.6,73.7,76.8,10.4,39,37.7
1/12/14,69.5,70.3,86.6,36.5,66.7,75,75.6,22.7,37.4,44.5
1/13/14,66.9,68.1,85.1,37.2,73.2,72.4,76.8,6.1,35.6,46.9
1/14/14,68.8,65.2,87.4,34.2,77.3,66.2,76.4,12.4,30.6,40.7
1/15/14,68.6,64,86.5,17.4,81.7,64.1,76.9,34.6,43.9,33.3
1/16/14,66.3,67,85.8,35.8,86.2,66.2,77.7,23.8,40.5,40.8
1/17/14,67.2,68,86.4,15,87.8,69.2,76.9,23.3,37.4,33.5
1/18/14,67.3,63.2,85.2,30.4,90,67.3,77.3,28.2,44.3,37.6
1/19/14,69.2,66.7,86.1,30.7,82.1,65.8,78.8,28.7,36,39.1
1/20/14,70,66.9,83.5,36.1,82.5,69.2,82,3.4,32.8,41.5
1/21/14,71.8,61.2,86.3,3.2,80.5,65.2,83.9,10.5,30.3,25
1/22/14,74.9,63.9,81.3,17.5,80.4,62.9,81.5,-4.5,25,26.4
1/23/14,75.7,65.1,83.5,1.1,89.3,62.3,72.9,-1.4,21.6,19.5
1/24/14,75.7,68.3,85.4,24.7,72.3,65.6,78,33.5,15.3,15.6
1/25/14,73.3,68.6,85.3,34.2,64.4,69.6,76,26.6,17.2,42.8
1/26/14,71.9,69.6,85.4,40.3,70.5,71.3,74.8,12.5,19.2,42.2
1/27/14,73.6,69.8,82.4,3.3,76.6,72.4,75.5,-16.2,24.4,25.9
1/28/14,75.9,70.2,85.4,0.3,75.1,73.7,72.8,-8.7,27.4,18.2
1/29/14,76.1,68.3,85.3,12.5,75.3,74.3,74.9,6,18,24.9
1/30/14,75.8,69.2,85.7,33.5,78.7,74.4,76.2,-8.4,7.7,36
1/31/14,76.9,68.8,85.2,14.1,81.3,74.5,75.4,-3.2,7.8,32.8
2/1/14,76.6,71.3,86.9,19.6,75.4,77,76,4,15,28.2
2/2/14,75.9,71.6,87.3,9,71.9,79.2,75.8,7.1,17.5,24.4
2/3/14,76.4,74.3,83.9,15.3,70.8,79.9,73.9,-2.7,17,20.7
2/4/14,75.6,74.8,82,16.6,74.1,79.4,75.8,-10.3,16.5,30.4
2/5/14,75.2,75.2,85.2,4.7,81.3,80.9,74.1,-11.3,17.9,15.8
2/6/14,76.5,74.9,84.5,-1.1,66.7,81.7,73,-8,30.5,9.4
2/7/14,77.4,76.7,84,1,72,81.8,73.6,-6.6,35.1,13.9
2/8/14,77.3,77.9,85.7,15.7,78.5,83.1,77.2,-5.4,37.2,26
2/9/14,76.9,78.2,86.4,11,74.1,80.3,76.6,-16.9,36.5,29.6
2/10/14,75.9,76.6,82,1.9,74.9,80.5,75.2,-13.8,37.4,18.6
2/11/14,72.7,71.6,83.2,12,73.1,72.7,74.5,-7.5,35.5,17.1
2/12/14,75.4,73.8,86,21.7,73.6,75.9,76.4,-5,42.4,21.1
2/13/14,72,73.6,82,31.6,72.8,77.7,77.1,-8.3,44.3,36.1
2/14/14,67.8,70.4,83.2,20.7,68.3,73.4,78.9,2.7,37.6,40.9
2/15/14,61.8,71.6,83.6,26,69.4,73.5,81,2.3,34.2,37.2
2/16/14,61.7,73.5,83.4,25.6,72.9,79.7,82.1,8,33.7,42.1
2/17/14,64.3,75.2,83.3,36.1,75.4,81.9,79.5,18.9,38.3,51.8
2/18/14,63.8,76.6,84.9,38.9,76,85,80.7,16.1,40.4,48